2026-03-06T20:21:12.056071627Z [inf]  [20:21:12.015] [ETH] No active market found, waiting...
2026-03-06T20:21:12.612631072Z [inf]  [20:21:12.560] [XRP] No active market found, waiting...
2026-03-06T20:21:12.682046693Z [inf]  [20:21:12.671] [BTC] No active market found, waiting...
2026-03-06T20:21:13.601442518Z [inf]  [20:21:13.429] [SOL] Tick #48300 | 8.8m | Price: $84.94
2026-03-06T20:21:15.121913116Z [inf]  [20:21:15.117] [ETH] No active market found, waiting...
2026-03-06T20:21:15.363256333Z [inf]  [20:21:15.356] [SOL] No active market found, waiting...
2026-03-06T20:21:15.756295888Z [inf]  [20:21:15.726] [BTC] No active market found, waiting...
2026-03-06T20:21:17.717798367Z [inf]  [20:21:17.619] [XRP] No active market found, waiting...
2026-03-06T20:21:18.873458723Z [inf]  [20:21:18.853] [BTC] No active market found, waiting...
2026-03-06T20:21:20.924136570Z [inf]  [20:21:20.912] [BTC] No active market found, waiting...
2026-03-06T20:21:21.686144697Z [inf]  [20:21:21.675] [XRP] No active market found, waiting...
2026-03-06T20:21:24.205224730Z [inf]  [20:21:24.202] [ETH] No active market found, waiting...
2026-03-06T20:21:24.729551907Z [inf]  [20:21:24.727] [XRP] No active market found, waiting...
2026-03-06T20:21:26.446568562Z [inf]  [20:21:26.410] [SOL] No active market found, waiting...
2026-03-06T20:21:27.972861232Z [inf]  [20:21:27.967] [BTC] No active market found, waiting...
2026-03-06T20:21:28.983169463Z [inf]  [20:21:28.913] [XRP] Tick #48540 | 8.5m | Price: $1.36
2026-03-06T20:21:29.476642245Z [inf]  [20:21:29.470] [SOL] No active market found, waiting...
2026-03-06T20:21:30.010663118Z [inf]  [20:21:29.832] [XRP] No active market found, waiting...
2026-03-06T20:21:30.022365557Z [inf]  [20:21:30.020] [BTC] No active market found, waiting...
2026-03-06T20:21:31.258359187Z [inf]  [20:21:31.257] [ETH] No active market found, waiting...
2026-03-06T20:21:31.528464387Z [inf]  [20:21:31.524] [SOL] No active market found, waiting...
2026-03-06T20:21:32.028050342Z [inf]  [20:21:31.939] [XRP] No active market found, waiting...
2026-03-06T20:21:32.076129117Z [inf]  [20:21:32.073] [BTC] No active market found, waiting...
2026-03-06T20:21:34.166484259Z [inf]  [20:21:34.149] [BTC] No active market found, waiting...
2026-03-06T20:21:34.318725144Z [inf]  [20:21:34.313] [ETH] No active market found, waiting...
2026-03-06T20:21:37.376958518Z [inf]  [20:21:37.374] [ETH] No active market found, waiting...
2026-03-06T20:21:39.245486052Z [inf]  [20:21:39.204] [BTC] No active market found, waiting...
2026-03-06T20:21:39.471903534Z [inf]  [20:21:39.455] [ETH] No active market found, waiting...
2026-03-06T20:21:41.588563021Z [inf]  [20:21:41.579] [SOL] No active market found, waiting...
2026-03-06T20:21:42.524728430Z [inf]  [20:21:42.512] [ETH] No active market found, waiting...
2026-03-06T20:21:44.691043877Z [inf]  [20:21:44.635] [SOL] No active market found, waiting...
2026-03-06T20:21:45.588507277Z [inf]  [20:21:45.571] [ETH] No active market found, waiting...
2026-03-06T20:21:47.995215432Z [inf]  [20:21:47.992] [XRP] No active market found, waiting...
2026-03-06T20:21:48.654246972Z [inf]  [20:21:48.629] [ETH] No active market found, waiting...
2026-03-06T20:21:48.695646674Z [inf]  [20:21:48.689] [SOL] No active market found, waiting...
2026-03-06T20:21:49.283183992Z [inf]  [20:21:49.279] [BTC] No active market found, waiting...
2026-03-06T20:21:50.775238266Z [inf]  [20:21:50.747] [SOL] No active market found, waiting...
2026-03-06T20:21:51.078142563Z [inf]  [20:21:51.049] [XRP] No active market found, waiting...
2026-03-06T20:21:53.804556500Z [inf]  [20:21:53.798] [SOL] No active market found, waiting...
2026-03-06T20:21:54.731622997Z [inf]  [20:21:54.712] [ETH] No active market found, waiting...
2026-03-06T20:21:56.110578268Z [inf]  [20:21:56.101] [XRP] No active market found, waiting...
2026-03-06T20:21:57.919019632Z [inf]  [20:21:57.917] [SOL] Failed to get details for KXSOL15M-26MAR061530-30
2026-03-06T20:21:58.332187221Z [inf]  [20:21:58.330] [BTC] No active market found, waiting...
2026-03-06T20:21:59.200450549Z [inf]  [20:21:59.172] [XRP] No active market found, waiting...
2026-03-06T20:21:59.920233558Z [inf]  [20:21:59.918] [ETH] Tick #48360 | 8.0m | Price: $1,978.09
2026-03-06T20:22:00.595346579Z [inf]  [20:22:00.554] [BTC] Tick #48300 | 8.0m | Price: $68,043.40
2026-03-06T20:22:01.344353457Z [inf]  [20:22:01.310] [XRP] No active market found, waiting...
2026-03-06T20:22:01.392619138Z [inf]  [20:22:01.383] [BTC] No active market found, waiting...
2026-03-06T20:22:03.223895728Z [inf]  [20:22:03.221] [SOL] Tick #48330 | 7.9m | Price: $84.88
2026-03-06T20:22:03.787418234Z [inf]  [20:22:03.770] [ETH] No active market found, waiting...
2026-03-06T20:22:04.632262396Z [inf]  [20:22:04.440] [BTC] No active market found, waiting...
2026-03-06T20:22:07.643779230Z [inf]  [20:22:07.502] [BTC] No active market found, waiting...
2026-03-06T20:22:08.980849199Z [inf]  [20:22:08.977] [SOL] No active market found, waiting...
2026-03-06T20:22:09.900908745Z [inf]  [20:22:09.849] [ETH] No active market found, waiting...
2026-03-06T20:22:11.695389963Z [inf]  [20:22:11.555] [BTC] No active market found, waiting...
2026-03-06T20:22:13.547431942Z [inf]  [20:22:13.542] [XRP] Tick #48570 | 7.8m | Price: $1.36
2026-03-06T20:22:13.721938263Z [inf]  [20:22:13.611] [BTC] No active market found, waiting...
2026-03-06T20:22:15.089766602Z [inf]  [20:22:15.086] [SOL] No active market found, waiting...
2026-03-06T20:22:15.910805285Z [inf]  [20:22:15.906] [ETH] No active market found, waiting...
2026-03-06T20:22:17.193989237Z [inf]  [20:22:17.191] [SOL] No active market found, waiting...
2026-03-06T20:22:18.420383451Z [inf]  [20:22:18.414] [XRP] No active market found, waiting...
2026-03-06T20:22:19.302171700Z [inf]  [20:22:19.291] [SOL] No active market found, waiting...
2026-03-06T20:22:20.831967490Z [inf]  [20:22:20.663] [BTC] No active market found, waiting...
2026-03-06T20:22:21.488055476Z [inf]  [20:22:21.469] [XRP] No active market found, waiting...
2026-03-06T20:22:23.847676126Z [inf]  [20:22:23.719] [BTC] No active market found, waiting...
2026-03-06T20:22:24.995590092Z [inf]  [20:22:24.989] [ETH] No active market found, waiting...
2026-03-06T20:22:25.880494134Z [inf]  [20:22:25.782] [BTC] No active market found, waiting...
2026-03-06T20:22:28.053491968Z [inf]  [20:22:28.044] [ETH] No active market found, waiting...
2026-03-06T20:22:28.913329103Z [inf]  [20:22:28.836] [BTC] No active market found, waiting...
2026-03-06T20:22:31.119844338Z [inf]  [20:22:31.106] [ETH] No active market found, waiting...
2026-03-06T20:22:31.550040838Z [inf]  [20:22:31.542] [XRP] No active market found, waiting...
2026-03-06T20:22:34.177055603Z [inf]  [20:22:34.165] [ETH] No active market found, waiting...
2026-03-06T20:22:35.616936990Z [inf]  [20:22:35.602] [XRP] No active market found, waiting...
2026-03-06T20:22:37.356114469Z [inf]  [20:22:37.345] [SOL] No active market found, waiting...
2026-03-06T20:22:38.046288664Z [inf]  [20:22:37.897] [BTC] No active market found, waiting...
2026-03-06T20:22:40.034044229Z [inf]  [20:22:39.950] [BTC] No active market found, waiting...
2026-03-06T20:22:40.662438880Z [inf]  [20:22:40.660] [XRP] No active market found, waiting...
2026-03-06T20:22:43.047394198Z [inf]  [20:22:43.005] [BTC] No active market found, waiting...
2026-03-06T20:22:43.550244895Z [inf]  [20:22:43.545] [SOL] Tick #48360 | 7.3m | Price: $84.89
2026-03-06T20:22:43.726735366Z [inf]  [20:22:43.721] [XRP] No active market found, waiting...
2026-03-06T20:22:44.441892158Z [inf]  [20:22:44.409] [ETH] Tick #48390 | 7.3m | Price: $1,978.32
2026-03-06T20:22:46.406415860Z [inf]  [20:22:46.405] [SOL] No active market found, waiting...
2026-03-06T20:22:47.286893911Z [inf]  [20:22:47.283] [ETH] Failed to get details for KXETH15M-26MAR061530-30
2026-03-06T20:22:48.473474711Z [inf]  [20:22:48.460] [SOL] No active market found, waiting...
2026-03-06T20:22:49.116908105Z [inf]  [20:22:49.058] [BTC] No active market found, waiting...
2026-03-06T20:22:50.785615385Z [inf]  [20:22:50.777] [XRP] No active market found, waiting...
2026-03-06T20:22:51.122586959Z [inf]  [20:22:51.120] [BTC] No active market found, waiting...
2026-03-06T20:22:51.522406633Z [inf]  [20:22:51.511] [SOL] No active market found, waiting...
2026-03-06T20:22:52.339516745Z [inf]  [20:22:52.337] [ETH] No active market found, waiting...
2026-03-06T20:22:52.885802800Z [inf]  [20:22:52.874] [XRP] No active market found, waiting...
2026-03-06T20:22:53.186776422Z [inf]  [20:22:53.175] [BTC] No active market found, waiting...
2026-03-06T20:22:55.414674205Z [inf]  [20:22:55.390] [ETH] No active market found, waiting...
2026-03-06T20:22:57.236407731Z [inf]  [20:22:57.234] [BTC] No active market found, waiting...
2026-03-06T20:22:58.930007602Z [inf]  [20:22:58.924] [XRP] No active market found, waiting...
2026-03-06T20:22:59.593063147Z [inf]  [20:22:59.591] [SOL] No active market found, waiting...
2026-03-06T20:23:02.245538368Z [inf]  [20:23:02.244] [XRP] Tick #48600 | 7.0m | Price: $1.36
2026-03-06T20:23:02.482641351Z [inf]  [20:23:02.444] [ETH] No active market found, waiting...
2026-03-06T20:23:03.308261464Z [inf]  [20:23:03.289] [BTC] No active market found, waiting...
2026-03-06T20:23:05.513886058Z [inf]  [20:23:05.507] [ETH] No active market found, waiting...
2026-03-06T20:23:05.513895270Z [inf]  [20:23:05.508] [BTC] Tick #48330 | 6.9m | Price: $68,050.10
2026-03-06T20:23:05.984017183Z [inf]  [20:23:05.981] [XRP] No active market found, waiting...
2026-03-06T20:23:08.653732526Z [inf]  [20:23:08.649] [SOL] No active market found, waiting...
2026-03-06T20:23:09.214463329Z [inf]  [20:23:09.148] [XRP] No active market found, waiting...
2026-03-06T20:23:09.586933365Z [inf]  [20:23:09.580] [ETH] No active market found, waiting...
2026-03-06T20:23:10.381940872Z [inf]  [20:23:10.373] [BTC] No active market found, waiting...
2026-03-06T20:23:11.225983718Z [inf]  [20:23:11.208] [XRP] No active market found, waiting...
2026-03-06T20:23:11.651808141Z [inf]  [20:23:11.649] [ETH] No active market found, waiting...
2026-03-06T20:23:11.748937386Z [inf]  [20:23:11.715] [SOL] No active market found, waiting...
2026-03-06T20:23:13.775740653Z [inf]  [20:23:13.773] [SOL] No active market found, waiting...
2026-03-06T20:23:14.710960393Z [inf]  [20:23:14.708] [ETH] No active market found, waiting...
2026-03-06T20:23:16.846526795Z [inf]  [20:23:16.831] [SOL] No active market found, waiting...
2026-03-06T20:23:17.430434595Z [inf]  [20:23:17.428] [BTC] No active market found, waiting...
2026-03-06T20:23:19.773377227Z [inf]  [20:23:19.771] [ETH] No active market found, waiting...
2026-03-06T20:23:20.493908750Z [inf]  [20:23:20.483] [BTC] No active market found, waiting...
2026-03-06T20:23:22.893806226Z [inf]  [20:23:22.885] [SOL] No active market found, waiting...
2026-03-06T20:23:24.963804146Z [inf]  [20:23:24.949] [SOL] No active market found, waiting...
2026-03-06T20:23:27.019527912Z [inf]  [20:23:27.014] [SOL] No active market found, waiting...
2026-03-06T20:23:27.570108681Z [inf]  [20:23:27.563] [BTC] No active market found, waiting...
2026-03-06T20:23:27.825731421Z [inf]  [20:23:27.822] [ETH] No active market found, waiting...
2026-03-06T20:23:29.073685655Z [inf]  [20:23:29.070] [SOL] No active market found, waiting...
2026-03-06T20:23:29.906521658Z [inf]  [20:23:29.893] [ETH] No active market found, waiting...
2026-03-06T20:23:30.368423445Z [inf]  [20:23:30.266] [XRP] No active market found, waiting...
2026-03-06T20:23:32.135301351Z [inf]  [20:23:32.127] [SOL] No active market found, waiting...
2026-03-06T20:23:32.957039919Z [inf]  [20:23:32.953] [ETH] No active market found, waiting...
2026-03-06T20:23:34.374440053Z [inf]  [20:23:34.365] [XRP] No active market found, waiting...
2026-03-06T20:23:36.203205784Z [inf]  [20:23:36.186] [SOL] No active market found, waiting...
2026-03-06T20:23:36.472621986Z [inf]  [20:23:36.458] [XRP] No active market found, waiting...
2026-03-06T20:23:38.169570787Z [inf]  [20:23:38.167] [ETH] Tick #48420 | 6.4m | Price: $1,978.58
2026-03-06T20:23:38.690054203Z [inf]  [20:23:38.619] [BTC] No active market found, waiting...
2026-03-06T20:23:39.544107126Z [inf]  [20:23:39.517] [XRP] No active market found, waiting...
2026-03-06T20:23:42.012559990Z [inf]  [20:23:42.010] [ETH] No active market found, waiting...
2026-03-06T20:23:42.448505221Z [inf]  [20:23:42.405] [SOL] Tick #48390 | 6.3m | Price: $84.91
2026-03-06T20:23:44.249499976Z [inf]  [20:23:44.245] [SOL] No active market found, waiting...
2026-03-06T20:23:45.134871592Z [inf]  [20:23:45.127] [ETH] No active market found, waiting...
2026-03-06T20:23:45.843115569Z [inf]  [20:23:45.837] [BTC] Tick #48360 | 6.2m | Price: $68,070.70
2026-03-06T20:23:46.333537791Z [inf]  [20:23:46.331] [SOL] No active market found, waiting...
2026-03-06T20:23:46.581727022Z [inf]  [20:23:46.574] [XRP] No active market found, waiting...
2026-03-06T20:23:46.682358370Z [inf]  [20:23:46.676] [BTC] No active market found, waiting...
2026-03-06T20:23:47.203990021Z [inf]  [20:23:47.199] [ETH] No active market found, waiting...
2026-03-06T20:23:48.647451589Z [inf]  [20:23:48.645] [XRP] No active market found, waiting...
2026-03-06T20:23:48.734233007Z [inf]  [20:23:48.732] [BTC] No active market found, waiting...
2026-03-06T20:23:49.327389138Z [inf]  [20:23:49.323] [ETH] No active market found, waiting...
2026-03-06T20:23:49.539351749Z [inf]  [20:23:49.387] [SOL] No active market found, waiting...
2026-03-06T20:23:50.901319900Z [inf]  [20:23:50.895] [XRP] Tick #48630 | 6.2m | Price: $1.36
2026-03-06T20:23:51.706155127Z [inf]  [20:23:51.704] [XRP] No active market found, waiting...
2026-03-06T20:23:52.806723343Z [inf]  [20:23:52.794] [BTC] No active market found, waiting...
2026-03-06T20:23:54.879925866Z [inf]  [20:23:54.851] [BTC] No active market found, waiting...
2026-03-06T20:23:56.918937062Z [inf]  [20:23:56.905] [BTC] No active market found, waiting...
2026-03-06T20:23:58.776034224Z [inf]  [20:23:58.764] [XRP] No active market found, waiting...
2026-03-06T20:24:00.504776643Z [inf]  [20:24:00.454] [ETH] Failed to get details for KXETH15M-26MAR061530-30
2026-03-06T20:24:00.504786373Z [inf]  [20:24:00.486] [SOL] No active market found, waiting...
2026-03-06T20:24:00.886731479Z [inf]  [20:24:00.880] [XRP] No active market found, waiting...
2026-03-06T20:24:02.730469693Z [inf]  [20:24:02.613] [SOL] No active market found, waiting...
2026-03-06T20:24:02.995850389Z [inf]  [20:24:02.961] [BTC] No active market found, waiting...
2026-03-06T20:24:02.995858832Z [inf]  [20:24:02.975] [XRP] No active market found, waiting...
2026-03-06T20:24:05.059154974Z [inf]  [20:24:05.022] [BTC] No active market found, waiting...
2026-03-06T20:24:05.059162994Z [inf]  [20:24:05.031] [XRP] No active market found, waiting...
2026-03-06T20:24:05.530544950Z [inf]  [20:24:05.511] [ETH] No active market found, waiting...
2026-03-06T20:24:05.738659588Z [inf]  [20:24:05.673] [SOL] No active market found, waiting...
2026-03-06T20:24:07.099787835Z [inf]  [20:24:07.082] [BTC] No active market found, waiting...
2026-03-06T20:24:07.165540677Z [inf]  [20:24:07.161] [XRP] No active market found, waiting...
2026-03-06T20:24:07.747065384Z [inf]  [20:24:07.734] [SOL] No active market found, waiting...
2026-03-06T20:24:10.225244014Z [inf]  [20:24:10.220] [XRP] No active market found, waiting...
2026-03-06T20:24:12.278729229Z [inf]  [20:24:12.277] [XRP] No active market found, waiting...
2026-03-06T20:24:12.792995320Z [inf]  [20:24:12.791] [SOL] No active market found, waiting...
2026-03-06T20:24:15.574347770Z [inf]  [20:24:15.571] [ETH] No active market found, waiting...
2026-03-06T20:24:16.342542784Z [inf]  [20:24:16.335] [XRP] No active market found, waiting...
2026-03-06T20:24:18.632740861Z [inf]  [20:24:18.631] [ETH] No active market found, waiting...
2026-03-06T20:24:20.853519570Z [inf]  [20:24:20.709] [ETH] No active market found, waiting...
2026-03-06T20:24:21.404217675Z [inf]  [20:24:21.402] [XRP] No active market found, waiting...
2026-03-06T20:24:23.481398884Z [inf]  [20:24:23.479] [XRP] No active market found, waiting...
2026-03-06T20:24:23.929364735Z [inf]  [20:24:23.846] [SOL] No active market found, waiting...
2026-03-06T20:24:24.159864032Z [inf]  [20:24:24.156] [BTC] No active market found, waiting...
2026-03-06T20:24:24.948478698Z [inf]  [20:24:24.767] [ETH] No active market found, waiting...
2026-03-06T20:24:25.552178887Z [inf]  [20:24:25.550] [XRP] No active market found, waiting...
2026-03-06T20:24:25.969418069Z [inf]  [20:24:25.962] [SOL] Failed to get details for KXSOL15M-26MAR061530-30
2026-03-06T20:24:26.211912414Z [inf]  [20:24:26.209] [BTC] No active market found, waiting...
2026-03-06T20:24:28.014344066Z [inf]  [20:24:27.988] [ETH] Tick #48450 | 5.5m | Price: $1,979.12
2026-03-06T20:24:28.291380800Z [inf]  [20:24:28.285] [BTC] No active market found, waiting...
2026-03-06T20:24:28.844140154Z [inf]  [20:24:28.829] [ETH] No active market found, waiting...
2026-03-06T20:24:31.044991182Z [inf]  [20:24:31.017] [SOL] No active market found, waiting...
2026-03-06T20:24:32.052008602Z [inf]  [20:24:31.885] [ETH] No active market found, waiting...
2026-03-06T20:24:34.105449666Z [inf]  [20:24:34.068] [SOL] No active market found, waiting...
2026-03-06T20:24:35.627346399Z [inf]  [20:24:35.606] [XRP] No active market found, waiting...
2026-03-06T20:24:36.334346669Z [inf]  [20:24:36.331] [SOL] Tick #48420 | 5.4m | Price: $84.95
2026-03-06T20:24:37.673199317Z [inf]  [20:24:37.661] [XRP] No active market found, waiting...
2026-03-06T20:24:38.116939703Z [inf]  [20:24:37.966] [ETH] No active market found, waiting...
2026-03-06T20:24:38.564948789Z [inf]  [20:24:38.513] [BTC] Tick #48390 | 5.4m | Price: $68,080.00
2026-03-06T20:24:40.417341074Z [inf]  [20:24:40.349] [BTC] No active market found, waiting...
2026-03-06T20:24:41.203718722Z [inf]  [20:24:41.129] [SOL] No active market found, waiting...
2026-03-06T20:24:43.044069711Z [inf]  [20:24:43.022] [ETH] No active market found, waiting...
2026-03-06T20:24:43.450930242Z [inf]  [20:24:43.436] [BTC] No active market found, waiting...
2026-03-06T20:24:45.215232919Z [inf]  [20:24:45.185] [SOL] No active market found, waiting...
2026-03-06T20:24:47.361426911Z [inf]  [20:24:47.238] [SOL] No active market found, waiting...
2026-03-06T20:24:47.724939624Z [inf]  [20:24:47.712] [XRP] No active market found, waiting...
2026-03-06T20:24:50.087293503Z [inf]  [20:24:50.075] [ETH] No active market found, waiting...
2026-03-06T20:24:50.782831798Z [inf]  [20:24:50.769] [XRP] No active market found, waiting...
2026-03-06T20:24:53.135301502Z [inf]  [20:24:53.133] [ETH] No active market found, waiting...
2026-03-06T20:24:53.842820665Z [inf]  [20:24:53.826] [XRP] No active market found, waiting...
2026-03-06T20:24:56.131607508Z [inf]  [20:24:56.073] [XRP] Tick #48660 | 5.1m | Price: $1.36
2026-03-06T20:24:56.301105097Z [inf]  [20:24:56.294] [SOL] No active market found, waiting...
2026-03-06T20:24:56.597093135Z [inf]  [20:24:56.491] [BTC] No active market found, waiting...
2026-03-06T20:24:58.606679994Z [inf]  [20:24:58.575] [BTC] No active market found, waiting...
2026-03-06T20:24:59.354466116Z [inf]  [20:24:59.346] [SOL] No active market found, waiting...
2026-03-06T20:25:01.938797341Z [inf]  [20:25:01.881] [XRP] No active market found, waiting...
2026-03-06T20:25:03.671945455Z [inf]  [20:25:03.632] [BTC] No active market found, waiting...
2026-03-06T20:25:04.515963137Z [inf]  [20:25:04.482] [SOL] No active market found, waiting...
2026-03-06T20:25:06.950228930Z [inf]  [20:25:06.941] [XRP] No active market found, waiting...
2026-03-06T20:25:07.249455116Z [inf]  [20:25:07.219] [ETH] No active market found, waiting...
2026-03-06T20:25:10.004356350Z [inf]  [20:25:09.998] [XRP] No active market found, waiting...
2026-03-06T20:25:10.913832294Z [inf]  [20:25:10.771] [BTC] No active market found, waiting...
2026-03-06T20:25:12.280360217Z [inf]  [20:25:12.273] [ETH] No active market found, waiting...
2026-03-06T20:25:14.067060226Z [inf]  [20:25:14.052] [XRP] No active market found, waiting...
2026-03-06T20:25:14.526560978Z [inf]  [20:25:14.499] [ETH] Tick #48480 | 4.8m | Price: $1,977.92
2026-03-06T20:25:15.390221007Z [inf]  [20:25:15.380] [ETH] No active market found, waiting...
2026-03-06T20:25:17.452512010Z [inf]  [20:25:17.436] [ETH] No active market found, waiting...
2026-03-06T20:25:17.834961582Z [inf]  [20:25:17.829] [BTC] No active market found, waiting...
2026-03-06T20:25:18.707268290Z [inf]  [20:25:18.699] [SOL] Tick #48450 | 4.7m | Price: $84.93
2026-03-06T20:25:19.590853442Z [inf]  [20:25:19.570] [SOL] No active market found, waiting...
2026-03-06T20:25:21.176313116Z [inf]  [20:25:21.106] [XRP] No active market found, waiting...
2026-03-06T20:25:22.633850112Z [inf]  [20:25:22.625] [SOL] No active market found, waiting...
2026-03-06T20:25:23.037515650Z [inf]  [20:25:23.032] [BTC] Tick #48420 | 4.6m | Price: $68,035.60
2026-03-06T20:25:24.268883953Z [inf]  [20:25:24.158] [XRP] No active market found, waiting...
2026-03-06T20:25:24.917697512Z [inf]  [20:25:24.886] [BTC] No active market found, waiting...
2026-03-06T20:25:27.261571979Z [inf]  [20:25:27.234] [XRP] No active market found, waiting...
2026-03-06T20:25:27.696792649Z [inf]  [20:25:27.694] [SOL] No active market found, waiting...
2026-03-06T20:25:27.949779860Z [inf]  [20:25:27.942] [BTC] No active market found, waiting...
2026-03-06T20:25:29.318960986Z [inf]  [20:25:29.313] [XRP] No active market found, waiting...
2026-03-06T20:25:29.766537532Z [inf]  [20:25:29.754] [SOL] No active market found, waiting...
2026-03-06T20:25:30.045976301Z [inf]  [20:25:30.044] [BTC] No active market found, waiting...
2026-03-06T20:25:32.510176224Z [inf]  [20:25:32.498] [ETH] No active market found, waiting...
2026-03-06T20:25:34.650846446Z [inf]  [20:25:34.553] [ETH] No active market found, waiting...
2026-03-06T20:25:34.837731092Z [inf]  [20:25:34.833] [SOL] No active market found, waiting...
2026-03-06T20:25:37.400439905Z [inf]  [20:25:37.374] [XRP] No active market found, waiting...
2026-03-06T20:25:37.751412989Z [inf]  [20:25:37.642] [ETH] No active market found, waiting...
2026-03-06T20:25:40.454150616Z [inf]  [20:25:40.428] [XRP] No active market found, waiting...
2026-03-06T20:25:41.124200340Z [inf]  [20:25:41.101] [BTC] No active market found, waiting...
2026-03-06T20:25:43.492429313Z [inf]  [20:25:43.483] [XRP] No active market found, waiting...
2026-03-06T20:25:44.170607861Z [inf]  [20:25:44.160] [BTC] No active market found, waiting...
2026-03-06T20:25:46.274966192Z [inf]  [20:25:46.215] [BTC] No active market found, waiting...
2026-03-06T20:25:46.921277189Z [inf]  [20:25:46.886] [SOL] No active market found, waiting...
2026-03-06T20:25:48.658949118Z [inf]  [20:25:48.656] [XRP] Tick #48690 | 4.2m | Price: $1.36
2026-03-06T20:25:50.017319121Z [inf]  [20:25:49.959] [SOL] No active market found, waiting...
2026-03-06T20:25:50.711514922Z [inf]  [20:25:50.696] [ETH] No active market found, waiting...
2026-03-06T20:25:52.772945528Z [inf]  [20:25:52.768] [ETH] No active market found, waiting...
2026-03-06T20:25:55.035010118Z [inf]  [20:25:55.015] [SOL] No active market found, waiting...
2026-03-06T20:25:55.662185703Z [inf]  [20:25:55.550] [XRP] No active market found, waiting...
2026-03-06T20:25:57.840328354Z [inf]  [20:25:57.829] [ETH] No active market found, waiting...
2026-03-06T20:25:58.653860736Z [inf]  [20:25:58.606] [XRP] No active market found, waiting...
2026-03-06T20:26:00.694102102Z [inf]  [20:26:00.690] [XRP] No active market found, waiting...
2026-03-06T20:26:01.159130522Z [inf]  [20:26:01.070] [SOL] No active market found, waiting...
2026-03-06T20:26:01.300941912Z [inf]  [20:26:01.246] [ETH] Tick #48510 | 4.0m | Price: $1,974.69
2026-03-06T20:26:03.142193648Z [inf]  [20:26:03.125] [SOL] No active market found, waiting...
2026-03-06T20:26:04.955733598Z [inf]  [20:26:04.950] [ETH] Failed to get details for KXETH15M-26MAR061530-30
2026-03-06T20:26:05.274479966Z [inf]  [20:26:05.270] [BTC] No active market found, waiting...
2026-03-06T20:26:07.204477900Z [inf]  [20:26:07.200] [SOL] No active market found, waiting...
2026-03-06T20:26:07.507678534Z [inf]  [20:26:07.493] [BTC] Tick #48450 | 3.9m | Price: $67,963.10
2026-03-06T20:26:09.090072161Z [inf]  [20:26:09.006] [ETH] No active market found, waiting...
2026-03-06T20:26:09.332003284Z [inf]  [20:26:09.322] [BTC] No active market found, waiting...
2026-03-06T20:26:11.426648967Z [inf]  [20:26:11.374] [BTC] No active market found, waiting...
2026-03-06T20:26:11.426654957Z [inf]  [20:26:11.422] [SOL] Tick #48480 | 3.8m | Price: $84.88
2026-03-06T20:26:12.258698896Z [inf]  [20:26:12.256] [SOL] No active market found, waiting...
2026-03-06T20:26:14.888786860Z [inf]  [20:26:14.742] [XRP] No active market found, waiting...
2026-03-06T20:26:15.316727839Z [inf]  [20:26:15.312] [SOL] No active market found, waiting...
2026-03-06T20:26:17.475444771Z [inf]  [20:26:17.430] [BTC] No active market found, waiting...
2026-03-06T20:26:17.945784113Z [inf]  [20:26:17.841] [XRP] No active market found, waiting...
2026-03-06T20:26:19.577082498Z [inf]  [20:26:19.558] [BTC] No active market found, waiting...
2026-03-06T20:26:20.132547131Z [inf]  [20:26:20.127] [ETH] No active market found, waiting...
2026-03-06T20:26:22.618203067Z [inf]  [20:26:22.616] [BTC] No active market found, waiting...
2026-03-06T20:26:23.416452722Z [inf]  [20:26:23.368] [SOL] No active market found, waiting...
2026-03-06T20:26:25.705261282Z [inf]  [20:26:25.669] [BTC] No active market found, waiting...
2026-03-06T20:26:26.211290388Z [inf]  [20:26:26.207] [ETH] No active market found, waiting...
2026-03-06T20:26:28.748175433Z [inf]  [20:26:28.723] [BTC] No active market found, waiting...
2026-03-06T20:26:29.033210452Z [inf]  [20:26:29.027] [XRP] Tick #48720 | 3.5m | Price: $1.36
2026-03-06T20:26:29.478099486Z [inf]  [20:26:29.466] [SOL] No active market found, waiting...
2026-03-06T20:26:31.810345178Z [inf]  [20:26:31.778] [BTC] No active market found, waiting...
2026-03-06T20:26:32.040133598Z [inf]  [20:26:31.922] [XRP] No active market found, waiting...
2026-03-06T20:26:32.282857152Z [inf]  [20:26:32.266] [ETH] No active market found, waiting...
2026-03-06T20:26:32.608013790Z [inf]  [20:26:32.596] [SOL] No active market found, waiting...
2026-03-06T20:26:34.080669950Z [inf]  [20:26:33.989] [XRP] No active market found, waiting...
2026-03-06T20:26:34.839856861Z [inf]  [20:26:34.836] [BTC] No active market found, waiting...
2026-03-06T20:26:36.113134205Z [inf]  [20:26:36.109] [XRP] No active market found, waiting...
2026-03-06T20:26:37.899470651Z [inf]  [20:26:37.893] [BTC] No active market found, waiting...
2026-03-06T20:26:38.345641980Z [inf]  [20:26:38.317] [ETH] No active market found, waiting...
2026-03-06T20:26:40.773766210Z [inf]  [20:26:40.681] [SOL] No active market found, waiting...
2026-03-06T20:26:41.178105272Z [inf]  [20:26:41.166] [XRP] No active market found, waiting...
2026-03-06T20:26:41.427722686Z [inf]  [20:26:41.404] [ETH] No active market found, waiting...
2026-03-06T20:26:44.669318865Z [inf]  [20:26:44.665] [ETH] Tick #48540 | 3.3m | Price: $1,974.68
2026-03-06T20:26:44.742003979Z [inf]  [20:26:44.738] [SOL] No active market found, waiting...
2026-03-06T20:26:45.468150547Z [inf]  [20:26:45.461] [ETH] No active market found, waiting...
2026-03-06T20:26:48.223945051Z [inf]  [20:26:48.220] [XRP] No active market found, waiting...
2026-03-06T20:26:49.954422944Z [inf]  [20:26:49.952] [BTC] No active market found, waiting...
2026-03-06T20:26:50.283878700Z [inf]  [20:26:50.277] [XRP] No active market found, waiting...
2026-03-06T20:26:50.527221066Z [inf]  [20:26:50.520] [ETH] No active market found, waiting...
2026-03-06T20:26:50.802896960Z [inf]  [20:26:50.800] [SOL] No active market found, waiting...
2026-03-06T20:26:52.365059106Z [inf]  [20:26:52.357] [XRP] No active market found, waiting...
2026-03-06T20:26:52.585653454Z [inf]  [20:26:52.579] [ETH] No active market found, waiting...
2026-03-06T20:26:52.859785623Z [inf]  [20:26:52.856] [SOL] No active market found, waiting...
2026-03-06T20:26:55.934966708Z [inf]  [20:26:55.933] [SOL] No active market found, waiting...
2026-03-06T20:26:56.011250416Z [inf]  [20:26:56.006] [BTC] No active market found, waiting...
2026-03-06T20:26:58.641748748Z [inf]  [20:26:58.635] [ETH] No active market found, waiting...
2026-03-06T20:27:00.083382232Z [inf]  [20:27:00.061] [BTC] No active market found, waiting...
2026-03-06T20:27:00.728566673Z [inf]  [20:27:00.686] [ETH] No active market found, waiting...
2026-03-06T20:27:02.136955108Z [inf]  [20:27:02.118] [SOL] Tick #48510 | 3.0m | Price: $84.76
2026-03-06T20:27:02.989949356Z [inf]  [20:27:02.987] [SOL] No active market found, waiting...
2026-03-06T20:27:03.747036509Z [inf]  [20:27:03.744] [ETH] No active market found, waiting...
2026-03-06T20:27:04.284032626Z [inf]  [20:27:04.282] [BTC] Tick #48480 | 2.9m | Price: $67,816.60
2026-03-06T20:27:05.510299813Z [inf]  [20:27:05.410] [XRP] No active market found, waiting...
2026-03-06T20:27:07.523667046Z [inf]  [20:27:07.482] [XRP] No active market found, waiting...
2026-03-06T20:27:08.181036981Z [inf]  [20:27:08.123] [SOL] Failed to get details for KXSOL15M-26MAR061530-30
2026-03-06T20:27:09.559712985Z [inf]  [20:27:09.556] [XRP] No active market found, waiting...
2026-03-06T20:27:10.213919406Z [inf]  [20:27:10.201] [SOL] No active market found, waiting...
2026-03-06T20:27:12.282057221Z [inf]  [20:27:12.271] [SOL] No active market found, waiting...
2026-03-06T20:27:13.120779639Z [inf]  [20:27:13.115] [BTC] No active market found, waiting...
2026-03-06T20:27:14.808668421Z [inf]  [20:27:14.797] [ETH] No active market found, waiting...
2026-03-06T20:27:15.343356254Z [inf]  [20:27:15.329] [SOL] No active market found, waiting...
2026-03-06T20:27:17.386391217Z [inf]  [20:27:17.384] [SOL] No active market found, waiting...
2026-03-06T20:27:19.444618140Z [inf]  [20:27:19.440] [SOL] No active market found, waiting...
2026-03-06T20:27:19.793629013Z [inf]  [20:27:19.770] [XRP] Tick #48750 | 2.7m | Price: $1.36
2026-03-06T20:27:19.858479072Z [inf]  [20:27:19.852] [ETH] No active market found, waiting...
2026-03-06T20:27:22.182734933Z [inf]  [20:27:22.175] [BTC] No active market found, waiting...
2026-03-06T20:27:22.910559540Z [inf]  [20:27:22.908] [ETH] No active market found, waiting...
2026-03-06T20:27:25.242726973Z [inf]  [20:27:25.235] [BTC] No active market found, waiting...
2026-03-06T20:27:25.978393621Z [inf]  [20:27:25.959] [ETH] No active market found, waiting...
2026-03-06T20:27:28.312652868Z [inf]  [20:27:28.298] [BTC] No active market found, waiting...
2026-03-06T20:27:29.705963124Z [inf]  [20:27:29.523] [SOL] No active market found, waiting...
2026-03-06T20:27:30.065834296Z [inf]  [20:27:30.063] [ETH] No active market found, waiting...
2026-03-06T20:27:31.709553814Z [inf]  [20:27:31.662] [XRP] No active market found, waiting...
2026-03-06T20:27:32.366202865Z [inf]  [20:27:32.356] [BTC] No active market found, waiting...
2026-03-06T20:27:34.596546452Z [inf]  [20:27:34.582] [SOL] No active market found, waiting...
2026-03-06T20:27:34.866630443Z [inf]  [20:27:34.713] [XRP] No active market found, waiting...
2026-03-06T20:27:37.276094772Z [inf]  [20:27:37.273] [ETH] Tick #48570 | 2.4m | Price: $1,972.91
2026-03-06T20:27:37.890937156Z [inf]  [20:27:37.771] [XRP] No active market found, waiting...
2026-03-06T20:27:39.458364545Z [inf]  [20:27:39.452] [BTC] No active market found, waiting...
2026-03-06T20:27:39.903590526Z [inf]  [20:27:39.842] [XRP] No active market found, waiting...
2026-03-06T20:27:42.132183103Z [inf]  [20:27:42.116] [ETH] No active market found, waiting...
2026-03-06T20:27:42.954641545Z [inf]  [20:27:42.901] [XRP] No active market found, waiting...
2026-03-06T20:27:44.669871269Z [inf]  [20:27:44.668] [SOL] No active market found, waiting...
2026-03-06T20:27:45.173530890Z [inf]  [20:27:45.171] [ETH] No active market found, waiting...
2026-03-06T20:27:46.652398009Z [inf]  [20:27:46.650] [BTC] Tick #48510 | 2.2m | Price: $67,826.10
2026-03-06T20:27:47.976631529Z [inf]  [20:27:47.955] [XRP] No active market found, waiting...
2026-03-06T20:27:49.732062829Z [inf]  [20:27:49.725] [SOL] No active market found, waiting...
2026-03-06T20:27:51.515985479Z [inf]  [20:27:51.512] [BTC] No active market found, waiting...
2026-03-06T20:27:52.824087937Z [inf]  [20:27:52.782] [SOL] No active market found, waiting...
2026-03-06T20:27:53.029275982Z [inf]  [20:27:53.011] [XRP] No active market found, waiting...
2026-03-06T20:27:53.260119832Z [inf]  [20:27:53.224] [ETH] No active market found, waiting...
2026-03-06T20:27:54.615908434Z [inf]  [20:27:54.597] [BTC] No active market found, waiting...
2026-03-06T20:27:54.871539244Z [inf]  [20:27:54.845] [SOL] No active market found, waiting...
2026-03-06T20:27:55.285340185Z [inf]  [20:27:55.280] [ETH] No active market found, waiting...
2026-03-06T20:27:58.046424102Z [inf]  [20:27:58.026] [SOL] Tick #48540 | 2.0m | Price: $84.74
2026-03-06T20:27:58.340605546Z [inf]  [20:27:58.337] [ETH] No active market found, waiting...
2026-03-06T20:28:00.094629250Z [inf]  [20:27:59.921] [SOL] No active market found, waiting...
2026-03-06T20:28:00.457259429Z [inf]  [20:28:00.423] [ETH] No active market found, waiting...
2026-03-06T20:28:02.113818364Z [inf]  [20:28:02.108] [XRP] No active market found, waiting...
2026-03-06T20:28:04.170085791Z [inf]  [20:28:04.168] [XRP] No active market found, waiting...
2026-03-06T20:28:04.696562199Z [inf]  [20:28:04.651] [BTC] No active market found, waiting...
2026-03-06T20:28:06.991791602Z [inf]  [20:28:06.978] [SOL] No active market found, waiting...
2026-03-06T20:28:07.712750402Z [inf]  [20:28:07.707] [BTC] No active market found, waiting...
2026-03-06T20:28:08.355452946Z [inf]  [20:28:08.354] [XRP] Tick #48780 | 1.9m | Price: $1.36
2026-03-06T20:28:10.487472587Z [inf]  [20:28:10.480] [ETH] No active market found, waiting...
2026-03-06T20:28:12.243212698Z [inf]  [20:28:12.238] [XRP] No active market found, waiting...
2026-03-06T20:28:14.317776903Z [inf]  [20:28:14.312] [XRP] No active market found, waiting...
2026-03-06T20:28:15.059605766Z [inf]  [20:28:15.050] [SOL] No active market found, waiting...
2026-03-06T20:28:16.538336842Z [inf]  [20:28:16.536] [ETH] No active market found, waiting...
2026-03-06T20:28:17.296445731Z [inf]  [20:28:17.129] [SOL] No active market found, waiting...
2026-03-06T20:28:19.592824450Z [inf]  [20:28:19.591] [ETH] No active market found, waiting...
2026-03-06T20:28:21.387063117Z [inf]  [20:28:21.370] [XRP] No active market found, waiting...
2026-03-06T20:28:22.765881458Z [inf]  [20:28:22.761] [BTC] No active market found, waiting...
2026-03-06T20:28:24.835344498Z [inf]  [20:28:24.829] [BTC] No active market found, waiting...
2026-03-06T20:28:25.789452982Z [inf]  [20:28:25.785] [ETH] Tick #48600 | 1.6m | Price: $1,973.33
2026-03-06T20:28:26.370737277Z [inf]  [20:28:26.252] [SOL] Failed to get details for KXSOL15M-26MAR061530-30
2026-03-06T20:28:26.436851979Z [inf]  [20:28:26.425] [XRP] No active market found, waiting...
2026-03-06T20:28:26.651401003Z [inf]  [20:28:26.649] [ETH] No active market found, waiting...
2026-03-06T20:28:26.888073242Z [inf]  [20:28:26.886] [BTC] No active market found, waiting...
2026-03-06T20:28:27.383489655Z [inf]  [20:28:27.326] [SOL] No active market found, waiting...
2026-03-06T20:28:28.713472714Z [inf]  [20:28:28.707] [ETH] No active market found, waiting...
2026-03-06T20:28:28.946398141Z [inf]  [20:28:28.941] [BTC] No active market found, waiting...
2026-03-06T20:28:30.794002814Z [inf]  [20:28:30.792] [ETH] No active market found, waiting...
2026-03-06T20:28:31.497593168Z [inf]  [20:28:31.495] [XRP] No active market found, waiting...
2026-03-06T20:28:33.185865014Z [inf]  [20:28:33.180] [BTC] Tick #48540 | 1.4m | Price: $67,801.90
2026-03-06T20:28:33.581222849Z [inf]  [20:28:33.566] [XRP] No active market found, waiting...
2026-03-06T20:28:35.001590944Z [inf]  [20:28:34.997] [BTC] No active market found, waiting...
2026-03-06T20:28:35.856425345Z [inf]  [20:28:35.851] [ETH] No active market found, waiting...
2026-03-06T20:28:37.631044587Z [inf]  [20:28:37.620] [XRP] No active market found, waiting...
2026-03-06T20:28:39.446349675Z [inf]  [20:28:39.383] [SOL] No active market found, waiting...
2026-03-06T20:28:40.096210077Z [inf]  [20:28:40.069] [BTC] No active market found, waiting...
2026-03-06T20:28:41.649747514Z [inf]  [20:28:41.587] [SOL] Tick #48570 | 1.3m | Price: $84.74
2026-03-06T20:28:42.963403135Z [inf]  [20:28:42.903] [ETH] No active market found, waiting...
2026-03-06T20:28:44.968578347Z [inf]  [20:28:44.963] [ETH] No active market found, waiting...
2026-03-06T20:28:46.130332850Z [inf]  [20:28:46.126] [BTC] No active market found, waiting...
2026-03-06T20:28:47.049199181Z [inf]  [20:28:47.038] [ETH] No active market found, waiting...
2026-03-06T20:28:47.585968134Z [inf]  [20:28:47.461] [SOL] No active market found, waiting...
2026-03-06T20:28:50.282194506Z [inf]  [20:28:50.247] [BTC] Failed to get details for KXBTC15M-26MAR061530-30
2026-03-06T20:28:50.700355499Z [inf]  [20:28:50.694] [XRP] No active market found, waiting...
2026-03-06T20:28:51.673893580Z [inf]  [20:28:51.518] [SOL] No active market found, waiting...
2026-03-06T20:28:53.103057869Z [inf]  [20:28:53.092] [ETH] No active market found, waiting...
2026-03-06T20:28:53.749671310Z [inf]  [20:28:53.747] [XRP] No active market found, waiting...
2026-03-06T20:28:56.742643855Z [inf]  [20:28:56.574] [SOL] No active market found, waiting...
2026-03-06T20:28:56.959856275Z [inf]  [20:28:56.956] [XRP] Tick #48810 | 1.1m | Price: $1.36
2026-03-06T20:28:58.342528269Z [inf]  [20:28:58.304] [BTC] No active market found, waiting...
2026-03-06T20:29:00.220893886Z [inf]  [20:29:00.201] [ETH] No active market found, waiting...
2026-03-06T20:29:00.372658360Z [inf]  [20:29:00.360] [BTC] No active market found, waiting...
2026-03-06T20:29:00.812242505Z [inf]  [20:29:00.801] [XRP] No active market found, waiting...
2026-03-06T20:29:01.837914572Z [inf]  [20:29:01.630] [SOL] No active market found, waiting...
2026-03-06T20:29:02.284672129Z [inf]  [20:29:02.279] [ETH] No active market found, waiting...
2026-03-06T20:29:02.438525785Z [inf]  [20:29:02.420] [BTC] No active market found, waiting...
2026-03-06T20:29:02.869495904Z [inf]  [20:29:02.868] [XRP] No active market found, waiting...
2026-03-06T20:29:04.690887850Z [inf]  [20:29:04.687] [SOL] No active market found, waiting...
2026-03-06T20:29:05.541589964Z [inf]  [20:29:05.478] [BTC] No active market found, waiting...
2026-03-06T20:29:07.941634711Z [inf]  [20:29:07.939] [XRP] No active market found, waiting...
2026-03-06T20:29:10.042165021Z [inf]  [20:29:10.011] [XRP] No active market found, waiting...
2026-03-06T20:29:10.745995771Z [inf]  [20:29:10.743] [SOL] No active market found, waiting...
2026-03-06T20:29:12.343490285Z [inf]  [20:29:12.338] [ETH] No active market found, waiting...
2026-03-06T20:29:14.074107142Z [inf]  [20:29:14.070] [XRP] No active market found, waiting...
2026-03-06T20:29:14.811420655Z [inf]  [20:29:14.798] [SOL] No active market found, waiting...
2026-03-06T20:29:17.430401475Z [inf]  [20:29:17.418] [ETH] No active market found, waiting...
2026-03-06T20:29:17.869381720Z [inf]  [20:29:17.855] [SOL] No active market found, waiting...
2026-03-06T20:29:18.715582375Z [inf]  [20:29:18.691] [BTC] Tick #48570 | 0.7m | Price: $67,839.60
2026-03-06T20:29:20.243826330Z [inf]  [20:29:19.968] [SOL] No active market found, waiting...
2026-03-06T20:29:20.555488538Z [inf]  [20:29:20.540] [BTC] No active market found, waiting...
2026-03-06T20:29:20.625815874Z [inf]  [20:29:20.622] [ETH] Tick #48630 | 0.7m | Price: $1,973.83
2026-03-06T20:29:23.316490079Z [inf]  [20:29:23.126] [XRP] No active market found, waiting...
2026-03-06T20:29:23.693638824Z [inf]  [20:29:23.656] [BTC] Failed to get details for KXBTC15M-26MAR061530-30
2026-03-06T20:29:25.355587539Z [inf]  [20:29:25.181] [XRP] No active market found, waiting...
2026-03-06T20:29:26.751686692Z [inf]  [20:29:26.749] [BTC] No active market found, waiting...
2026-03-06T20:29:27.455401030Z [inf]  [20:29:27.258] [XRP] No active market found, waiting...
2026-03-06T20:29:29.588218196Z [inf]  [20:29:29.355] [XRP] No active market found, waiting...
2026-03-06T20:29:29.862002550Z [inf]  [20:29:29.804] [BTC] No active market found, waiting...
2026-03-06T20:29:30.283872534Z [inf]  [20:29:30.218] [SOL] Tick #48600 | 0.5m | Price: $84.71
2026-03-06T20:29:31.593574445Z [inf]  [20:29:31.477] [ETH] No active market found, waiting...
2026-03-06T20:29:32.034207950Z [inf]  [20:29:32.024] [SOL] No active market found, waiting...
2026-03-06T20:29:34.175275222Z [inf]  [20:29:34.158] [SOL] No active market found, waiting...
2026-03-06T20:29:34.731450600Z [inf]  [20:29:34.554] [ETH] No active market found, waiting...
2026-03-06T20:29:34.861452137Z [inf]  [20:29:34.857] [BTC] No active market found, waiting...
2026-03-06T20:29:36.293433239Z [inf]  [20:29:36.271] [SOL] Failed to get details for KXSOL15M-26MAR061530-30
2026-03-06T20:29:36.418290891Z [inf]  [20:29:36.413] [XRP] No active market found, waiting...
2026-03-06T20:29:36.756969850Z [inf]  [20:29:36.616] [ETH] No active market found, waiting...
2026-03-06T20:29:36.920743319Z [inf]  [20:29:36.917] [BTC] No active market found, waiting...
2026-03-06T20:29:39.791472436Z [inf]  [20:29:39.668] [ETH] No active market found, waiting...
2026-03-06T20:29:41.802183772Z [inf]  [20:29:41.724] [ETH] No active market found, waiting...
2026-03-06T20:29:42.507820135Z [inf]  [20:29:42.499] [XRP] No active market found, waiting...
2026-03-06T20:29:44.823581050Z [inf]  [20:29:44.779] [ETH] No active market found, waiting...
2026-03-06T20:29:45.033253298Z [inf]  [20:29:45.024] [BTC] No active market found, waiting...
2026-03-06T20:29:45.587697781Z [inf]  [20:29:45.567] [XRP] No active market found, waiting...
2026-03-06T20:29:48.094223930Z [inf]  [20:29:48.086] [BTC] No active market found, waiting...
2026-03-06T20:29:48.867483269Z [inf]  [20:29:48.864] [ETH] No active market found, waiting...
2026-03-06T20:29:49.630825835Z [inf]  [20:29:49.623] [XRP] No active market found, waiting...
2026-03-06T20:29:51.934808051Z [inf]  [20:29:51.919] [ETH] No active market found, waiting...
2026-03-06T20:29:52.333553473Z [inf]  [20:29:52.331] [SOL] No active market found, waiting...
2026-03-06T20:29:53.888065434Z [inf]  [20:29:53.878] [XRP] Tick #48840 | 0.1m | Price: $1.36
2026-03-06T20:29:55.413689801Z [inf]  [20:29:55.394] [SOL] No active market found, waiting...
2026-03-06T20:29:57.452881088Z [inf]  [20:29:57.449] [SOL] No active market found, waiting...
2026-03-06T20:29:57.728413041Z [inf]  [20:29:57.710] [XRP] No active market found, waiting...
2026-03-06T20:30:00.038769193Z [inf]  [20:30:00.026] [ETH] No active market found, waiting...
2026-03-06T20:30:00.193488097Z [inf]  [20:30:00.191] [BTC] No active market found, waiting...
2026-03-06T20:30:00.588473350Z [inf]  [20:30:00.556] [SOL] No active market found, waiting...
2026-03-06T20:30:00.800800194Z [inf]  [20:30:00.797] [XRP] No active market found, waiting...
2026-03-06T20:30:02.153208500Z [inf]  [20:30:02.134] [ETH] No active market found, waiting...
2026-03-06T20:30:02.297030682Z [inf]  [20:30:02.282] [BTC] No active market found, waiting...
2026-03-06T20:30:02.667143682Z [inf]  [20:30:02.656] [SOL] No active market found, waiting...
2026-03-06T20:30:03.033667568Z [inf]  [20:30:02.895] [XRP] No active market found, waiting...
2026-03-06T20:30:04.275933722Z [inf]  [20:30:04.270] [ETH] No active market found, waiting...
2026-03-06T20:30:04.375236164Z [inf]  [20:30:04.369] [BTC] No active market found, waiting...
2026-03-06T20:30:04.781001617Z [inf]  [20:30:04.765] [SOL] No active market found, waiting...
2026-03-06T20:30:05.070067348Z [inf]  [20:30:04.975] [XRP] No active market found, waiting...
2026-03-06T20:30:06.358848951Z [inf]  [20:30:06.357] [ETH] No active market found, waiting...
2026-03-06T20:30:06.469029481Z [inf]  [20:30:06.463] [BTC] No active market found, waiting...
2026-03-06T20:30:07.118330512Z [inf]  [20:30:06.978] [SOL] NEW WINDOW: KXSOL15M-26MAR061545-45 | Strike: $0.00 | 14.9m left
2026-03-06T20:30:07.118341036Z [inf]  [20:30:07.066] [XRP] No active market found, waiting...
2026-03-06T20:30:07.875307812Z [inf]  [20:30:07.873] [SOL] No active market found, waiting...
2026-03-06T20:30:08.457278676Z [inf]  [20:30:08.455] [ETH] No active market found, waiting...
2026-03-06T20:30:08.555020348Z [inf]  [20:30:08.551] [BTC] No active market found, waiting...
2026-03-06T20:30:09.183335808Z [inf]  [20:30:09.152] [XRP] No active market found, waiting...
2026-03-06T20:30:10.228726925Z [inf]  [20:30:09.955] [SOL] No active market found, waiting...
2026-03-06T20:30:10.552033615Z [inf]  [20:30:10.547] [ETH] No active market found, waiting...
2026-03-06T20:30:10.647972221Z [inf]  [20:30:10.639] [BTC] No active market found, waiting...
2026-03-06T20:30:11.343986113Z [inf]  [20:30:11.335] [XRP] NEW WINDOW: KXXRP15M-26MAR061545-45 | Strike: $0.00 | 14.8m left
2026-03-06T20:30:12.258346614Z [inf]  [20:30:12.253] [XRP] No active market found, waiting...
2026-03-06T20:30:12.732341151Z [inf]  [20:30:12.726] [BTC] No active market found, waiting...
2026-03-06T20:30:12.791619965Z [inf]  [20:30:12.784] [ETH] NEW WINDOW: KXETH15M-26MAR061545-45 | Strike: $1,973.58 | 14.8m left
2026-03-06T20:30:13.047254949Z [inf]  [20:30:13.037] [SOL] No active market found, waiting...
2026-03-06T20:30:14.640785229Z [inf]  [20:30:14.639] [ETH] No active market found, waiting...
2026-03-06T20:30:14.897607964Z [inf]  [20:30:14.895] [BTC] NEW WINDOW: KXBTC15M-26MAR061545-45 | Strike: $67,826.14 | 14.8m left
2026-03-06T20:30:15.357131318Z [inf]  [20:30:15.336] [XRP] No active market found, waiting...
2026-03-06T20:30:15.850131158Z [inf]  [20:30:15.834] [BTC] No active market found, waiting...
2026-03-06T20:30:16.285220255Z [inf]  [20:30:16.125] [SOL] No active market found, waiting...
2026-03-06T20:30:16.737077658Z [inf]  [20:30:16.731] [ETH] No active market found, waiting...
2026-03-06T20:30:17.451227943Z [inf]  [20:30:17.445] [XRP] No active market found, waiting...
2026-03-06T20:30:17.945719223Z [inf]  [20:30:17.927] [BTC] No active market found, waiting...
2026-03-06T20:30:18.314949793Z [inf]  [20:30:18.270] [SOL] No active market found, waiting...
2026-03-06T20:30:18.855690940Z [inf]  [20:30:18.836] [ETH] No active market found, waiting...
2026-03-06T20:30:19.586089219Z [inf]  [20:30:19.539] [XRP] No active market found, waiting...
2026-03-06T20:30:21.030016965Z [inf]  [20:30:21.019] [BTC] No active market found, waiting...
2026-03-06T20:30:21.406578968Z [inf]  [20:30:21.403] [SOL] No active market found, waiting...
2026-03-06T20:30:21.621685785Z [inf]  [20:30:21.616] [XRP] No active market found, waiting...
2026-03-06T20:30:24.494378737Z [inf]  [20:30:24.491] [SOL] No active market found, waiting...
2026-03-06T20:30:24.935529628Z [inf]  [20:30:24.925] [ETH] No active market found, waiting...
2026-03-06T20:30:25.077239791Z [inf]  [20:30:25.074] [BTC] No active market found, waiting...
2026-03-06T20:30:27.168040860Z [inf]  [20:30:27.158] [BTC] No active market found, waiting...
2026-03-06T20:30:27.709328108Z [inf]  [20:30:27.702] [XRP] No active market found, waiting...
2026-03-06T20:30:28.174768883Z [inf]  [20:30:28.161] [ETH] Tick #48660 | 14.5m | Price: $1,973.50
2026-03-06T20:30:29.475745223Z [inf]  [20:30:29.357] [BTC] Tick #48600 | 14.5m | Price: $67,869.80
2026-03-06T20:30:29.995581595Z [inf]  [20:30:29.983] [ETH] No active market found, waiting...
2026-03-06T20:30:30.281594720Z [inf]  [20:30:30.270] [BTC] No active market found, waiting...
2026-03-06T20:30:32.684452172Z [inf]  [20:30:32.678] [SOL] Tick #48630 | 14.5m | Price: $84.70
2026-03-06T20:30:33.049665441Z [inf]  [20:30:33.047] [ETH] No active market found, waiting...
2026-03-06T20:30:34.795354502Z [inf]  [20:30:34.762] [XRP] No active market found, waiting...
2026-03-06T20:30:35.500239024Z [inf]  [20:30:35.333] [BTC] No active market found, waiting...
2026-03-06T20:30:35.589176363Z [inf]  [20:30:35.582] [SOL] No active market found, waiting...
2026-03-06T20:30:38.853105626Z [inf]  [20:30:38.840] [XRP] No active market found, waiting...
2026-03-06T20:30:40.643327258Z [inf]  [20:30:40.636] [SOL] No active market found, waiting...
2026-03-06T20:30:41.952914508Z [inf]  [20:30:41.938] [XRP] No active market found, waiting...
2026-03-06T20:30:44.013751535Z [inf]  [20:30:44.010] [XRP] No active market found, waiting...
2026-03-06T20:30:44.698341231Z [inf]  [20:30:44.691] [SOL] No active market found, waiting...
2026-03-06T20:30:46.120953014Z [inf]  [20:30:46.106] [ETH] No active market found, waiting...
2026-03-06T20:30:46.134497470Z [inf]  [20:30:46.131] [XRP] No active market found, waiting...
2026-03-06T20:30:48.425418633Z [inf]  [20:30:48.391] [BTC] No active market found, waiting...
2026-03-06T20:30:50.203362609Z [inf]  [20:30:50.185] [ETH] No active market found, waiting...
2026-03-06T20:30:50.605937139Z [inf]  [20:30:50.445] [BTC] No active market found, waiting...
2026-03-06T20:30:50.783657146Z [inf]  [20:30:50.772] [SOL] No active market found, waiting...
2026-03-06T20:30:53.833803585Z [inf]  [20:30:53.827] [SOL] No active market found, waiting...
2026-03-06T20:30:54.589832672Z [inf]  [20:30:54.504] [BTC] No active market found, waiting...
2026-03-06T20:30:57.259159702Z [inf]  [20:30:57.257] [XRP] Failed to get details for KXXRP15M-26MAR061545-45
2026-03-06T20:30:57.605218187Z [inf]  [20:30:57.576] [BTC] No active market found, waiting...
2026-03-06T20:30:59.907323146Z [inf]  [20:30:59.880] [SOL] No active market found, waiting...
2026-03-06T20:31:01.742205499Z [inf]  [20:31:01.733] [XRP] No active market found, waiting...
2026-03-06T20:31:01.960337010Z [inf]  [20:31:01.934] [SOL] No active market found, waiting...
2026-03-06T20:31:03.983579919Z [inf]  [20:31:03.981] [XRP] Tick #48870 | 13.9m | Price: $1.36
2026-03-06T20:31:04.256158605Z [inf]  [20:31:04.251] [ETH] No active market found, waiting...
2026-03-06T20:31:06.037580165Z [inf]  [20:31:06.009] [SOL] No active market found, waiting...
2026-03-06T20:31:06.642752878Z [inf]  [20:31:06.635] [BTC] No active market found, waiting...
2026-03-06T20:31:08.506548907Z [inf]  [20:31:08.481] [ETH] Tick #48690 | 13.9m | Price: $1,974.65
2026-03-06T20:31:08.851333310Z [inf]  [20:31:08.791] [XRP] No active market found, waiting...
2026-03-06T20:31:09.321101823Z [inf]  [20:31:09.309] [ETH] No active market found, waiting...
2026-03-06T20:31:12.083411681Z [inf]  [20:31:12.066] [SOL] No active market found, waiting...
2026-03-06T20:31:13.855257527Z [inf]  [20:31:13.843] [XRP] No active market found, waiting...
2026-03-06T20:31:13.855267003Z [inf]  [20:31:13.849] [BTC] Tick #48630 | 13.8m | Price: $67,892.00
2026-03-06T20:31:15.172804861Z [inf]  [20:31:15.165] [SOL] No active market found, waiting...
2026-03-06T20:31:16.915757792Z [inf]  [20:31:16.911] [XRP] No active market found, waiting...
2026-03-06T20:31:17.373400941Z [inf]  [20:31:17.368] [ETH] No active market found, waiting...
2026-03-06T20:31:19.037886870Z [inf]  [20:31:19.033] [XRP] No active market found, waiting...
2026-03-06T20:31:19.691839820Z [inf]  [20:31:19.688] [BTC] No active market found, waiting...
2026-03-06T20:31:21.879629467Z [inf]  [20:31:21.744] [BTC] No active market found, waiting...
2026-03-06T20:31:22.446577566Z [inf]  [20:31:22.444] [ETH] No active market found, waiting...
2026-03-06T20:31:23.620596275Z [inf]  [20:31:23.552] [SOL] Tick #48660 | 13.6m | Price: $84.71
2026-03-06T20:31:24.944178446Z [inf]  [20:31:24.801] [BTC] No active market found, waiting...
2026-03-06T20:31:25.515119494Z [inf]  [20:31:25.512] [ETH] No active market found, waiting...
2026-03-06T20:31:28.160162348Z [inf]  [20:31:28.154] [XRP] No active market found, waiting...
2026-03-06T20:31:28.953360970Z [inf]  [20:31:28.864] [BTC] No active market found, waiting...
2026-03-06T20:31:31.274862725Z [inf]  [20:31:31.225] [SOL] No active market found, waiting...
2026-03-06T20:31:33.207393220Z [inf]  [20:31:33.204] [XRP] SETTLED: KXXRP15M-26MAR061530-30 -> DOWN (NO)
2026-03-06T20:31:33.248915398Z [inf]  [20:31:33.237] [XRP] No active market found, waiting...
2026-03-06T20:31:33.295994489Z [inf]  [20:31:33.286] [SOL] No active market found, waiting...
2026-03-06T20:31:36.351847721Z [inf]  [20:31:36.339] [XRP] No active market found, waiting...
2026-03-06T20:31:36.351855267Z [inf]  [20:31:36.340] [SOL] No active market found, waiting...
2026-03-06T20:31:38.411854653Z [inf]  [20:31:38.391] [SOL] SETTLED: KXSOL15M-26MAR061530-30 -> DOWN (NO)
2026-03-06T20:31:38.440937277Z [inf]  [20:31:38.439] [XRP] No active market found, waiting...
2026-03-06T20:31:38.593380578Z [inf]  [20:31:38.579] [ETH] No active market found, waiting...
2026-03-06T20:31:40.928687165Z [inf]  [20:31:40.923] [BTC] No active market found, waiting...
2026-03-06T20:31:41.637685128Z [inf]  [20:31:41.635] [ETH] No active market found, waiting...
2026-03-06T20:31:42.952243854Z [inf]  [20:31:42.945] [BTC] SETTLED: KXBTC15M-26MAR061530-30 -> DOWN (NO)
2026-03-06T20:31:43.684002921Z [inf]  [20:31:43.681] [ETH] SETTLED: KXETH15M-26MAR061530-30 -> DOWN (NO)
2026-03-06T20:31:43.981270783Z [inf]  [20:31:43.977] [BTC] No active market found, waiting...
2026-03-06T20:31:45.719221449Z [inf]  [20:31:45.692] [ETH] No active market found, waiting...
2026-03-06T20:31:47.758173059Z [inf]  [20:31:47.747] [ETH] No active market found, waiting...
2026-03-06T20:31:48.633454787Z [inf]  [20:31:48.567] [XRP] Failed to get details for KXXRP15M-26MAR061545-45
2026-03-06T20:31:49.660302307Z [inf]  [20:31:49.644] [XRP] No active market found, waiting...
2026-03-06T20:31:50.048456961Z [inf]  [20:31:50.034] [BTC] No active market found, waiting...
2026-03-06T20:31:52.858500397Z [inf]  [20:31:52.804] [ETH] No active market found, waiting...
2026-03-06T20:31:53.449520784Z [inf]  [20:31:53.418] [SOL] No active market found, waiting...
2026-03-06T20:31:53.887111389Z [inf]  [20:31:53.882] [XRP] Tick #48900 | 13.1m | Price: $1.36
2026-03-06T20:31:55.881112674Z [inf]  [20:31:55.859] [ETH] No active market found, waiting...
2026-03-06T20:31:57.191443665Z [inf]  [20:31:57.112] [BTC] No active market found, waiting...
2026-03-06T20:31:58.966246597Z [inf]  [20:31:58.932] [ETH] No active market found, waiting...
2026-03-06T20:32:00.223669890Z [inf]  [20:32:00.218] [BTC] No active market found, waiting...
2026-03-06T20:32:01.183324889Z [inf]  [20:32:01.179] [ETH] Tick #48720 | 13.0m | Price: $1,974.30
2026-03-06T20:32:01.745133384Z [inf]  [20:32:01.660] [SOL] Tick #48690 | 13.0m | Price: $84.72
2026-03-06T20:32:02.013682663Z [inf]  [20:32:02.006] [ETH] No active market found, waiting...
2026-03-06T20:32:02.472378481Z [inf]  [20:32:02.470] [BTC] Tick #48660 | 13.0m | Price: $67,892.00
2026-03-06T20:32:02.506986062Z [inf]  [20:32:02.494] [SOL] No active market found, waiting...
2026-03-06T20:32:04.282352070Z [inf]  [20:32:04.279] [BTC] No active market found, waiting...
2026-03-06T20:32:04.771760764Z [inf]  [20:32:04.730] [XRP] No active market found, waiting...
2026-03-06T20:32:06.831330857Z [inf]  [20:32:06.829] [XRP] No active market found, waiting...
2026-03-06T20:32:07.577970688Z [inf]  [20:32:07.553] [SOL] No active market found, waiting...
2026-03-06T20:32:09.661954892Z [inf]  [20:32:09.633] [SOL] No active market found, waiting...
2026-03-06T20:32:10.074578642Z [inf]  [20:32:10.070] [ETH] No active market found, waiting...
2026-03-06T20:32:12.371034117Z [inf]  [20:32:12.367] [BTC] No active market found, waiting...
2026-03-06T20:32:13.001849721Z [inf]  [20:32:12.882] [XRP] No active market found, waiting...
2026-03-06T20:32:15.181880391Z [inf]  [20:32:15.177] [ETH] No active market found, waiting...
2026-03-06T20:32:17.021405395Z [inf]  [20:32:16.944] [XRP] No active market found, waiting...
2026-03-06T20:32:17.426055671Z [inf]  [20:32:17.423] [BTC] No active market found, waiting...
2026-03-06T20:32:19.481504095Z [inf]  [20:32:19.479] [BTC] No active market found, waiting...
2026-03-06T20:32:20.165525398Z [inf]  [20:32:20.026] [XRP] No active market found, waiting...
2026-03-06T20:32:22.241841524Z [inf]  [20:32:22.239] [ETH] No active market found, waiting...
2026-03-06T20:32:23.236366089Z [inf]  [20:32:23.121] [XRP] No active market found, waiting...
2026-03-06T20:32:24.720079589Z [inf]  [20:32:24.713] [SOL] No active market found, waiting...
2026-03-06T20:32:25.299316812Z [inf]  [20:32:25.295] [ETH] No active market found, waiting...
2026-03-06T20:32:27.629118804Z [inf]  [20:32:27.626] [BTC] Failed to get details for KXBTC15M-26MAR061545-45
2026-03-06T20:32:27.770543630Z [inf]  [20:32:27.768] [SOL] No active market found, waiting...
2026-03-06T20:32:29.834439782Z [inf]  [20:32:29.825] [SOL] No active market found, waiting...
2026-03-06T20:32:30.403751399Z [inf]  [20:32:30.401] [ETH] No active market found, waiting...
2026-03-06T20:32:32.510450518Z [inf]  [20:32:32.508] [ETH] No active market found, waiting...
2026-03-06T20:32:33.183306259Z [inf]  [20:32:33.181] [XRP] No active market found, waiting...
2026-03-06T20:32:34.696177486Z [inf]  [20:32:34.688] [BTC] No active market found, waiting...
2026-03-06T20:32:35.362062034Z [inf]  [20:32:35.267] [XRP] No active market found, waiting...
2026-03-06T20:32:37.748737920Z [inf]  [20:32:37.743] [BTC] No active market found, waiting...
2026-03-06T20:32:38.885010585Z [inf]  [20:32:38.882] [SOL] No active market found, waiting...
2026-03-06T20:32:40.514485024Z [inf]  [20:32:40.504] [XRP] Tick #48930 | 12.3m | Price: $1.36
2026-03-06T20:32:40.836046205Z [inf]  [20:32:40.800] [BTC] No active market found, waiting...
2026-03-06T20:32:40.981430210Z [inf]  [20:32:40.965] [SOL] No active market found, waiting...
2026-03-06T20:32:43.879543225Z [inf]  [20:32:43.860] [BTC] No active market found, waiting...
2026-03-06T20:32:44.612436905Z [inf]  [20:32:44.564] [ETH] No active market found, waiting...
2026-03-06T20:32:46.964188664Z [inf]  [20:32:46.913] [BTC] No active market found, waiting...
2026-03-06T20:32:47.879963494Z [inf]  [20:32:47.872] [ETH] Tick #48750 | 12.2m | Price: $1,972.52
2026-03-06T20:32:48.206842830Z [inf]  [20:32:48.182] [SOL] Tick #48720 | 12.2m | Price: $84.66
2026-03-06T20:32:48.465513621Z [inf]  [20:32:48.323] [XRP] No active market found, waiting...
2026-03-06T20:32:49.068129593Z [inf]  [20:32:49.025] [SOL] No active market found, waiting...
2026-03-06T20:32:50.517387372Z [inf]  [20:32:50.403] [XRP] No active market found, waiting...
2026-03-06T20:32:51.125644240Z [inf]  [20:32:51.079] [SOL] No active market found, waiting...
2026-03-06T20:32:52.140535905Z [inf]  [20:32:52.114] [BTC] Tick #48690 | 12.1m | Price: $67,878.80
2026-03-06T20:32:53.996026365Z [inf]  [20:32:53.965] [BTC] No active market found, waiting...
2026-03-06T20:32:54.624900787Z [inf]  [20:32:54.619] [ETH] No active market found, waiting...
2026-03-06T20:32:55.558531860Z [inf]  [20:32:55.498] [XRP] No active market found, waiting...
2026-03-06T20:32:57.702228983Z [inf]  [20:32:57.673] [ETH] No active market found, waiting...
2026-03-06T20:32:58.134269293Z [inf]  [20:32:58.131] [SOL] No active market found, waiting...
2026-03-06T20:33:00.245059994Z [inf]  [20:33:00.236] [SOL] No active market found, waiting...
2026-03-06T20:33:00.753300464Z [inf]  [20:33:00.727] [ETH] No active market found, waiting...
2026-03-06T20:33:02.788330272Z [inf]  [20:33:02.784] [ETH] No active market found, waiting...
2026-03-06T20:33:04.863793825Z [inf]  [20:33:04.858] [ETH] No active market found, waiting...
2026-03-06T20:33:06.578280656Z [inf]  [20:33:06.574] [XRP] No active market found, waiting...
2026-03-06T20:33:07.034272699Z [inf]  [20:33:07.028] [BTC] No active market found, waiting...
2026-03-06T20:33:09.139853828Z [inf]  [20:33:09.086] [BTC] No active market found, waiting...
2026-03-06T20:33:09.934311280Z [inf]  [20:33:09.918] [ETH] No active market found, waiting...
2026-03-06T20:33:12.151279821Z [inf]  [20:33:12.145] [BTC] No active market found, waiting...
2026-03-06T20:33:12.634119315Z [inf]  [20:33:12.632] [XRP] No active market found, waiting...
2026-03-06T20:33:15.025167409Z [inf]  [20:33:14.978] [ETH] No active market found, waiting...
2026-03-06T20:33:16.311084265Z [inf]  [20:33:16.293] [SOL] No active market found, waiting...
2026-03-06T20:33:18.228279604Z [inf]  [20:33:18.226] [BTC] No active market found, waiting...
2026-03-06T20:33:19.114937124Z [inf]  [20:33:19.033] [ETH] No active market found, waiting...
2026-03-06T20:33:20.854171302Z [inf]  [20:33:20.852] [XRP] Tick #48960 | 11.7m | Price: $1.36
2026-03-06T20:33:21.315279320Z [inf]  [20:33:21.282] [BTC] No active market found, waiting...
2026-03-06T20:33:21.369704950Z [inf]  [20:33:21.353] [SOL] No active market found, waiting...
2026-03-06T20:33:23.718604695Z [inf]  [20:33:23.710] [XRP] No active market found, waiting...
2026-03-06T20:33:25.408637306Z [inf]  [20:33:25.405] [BTC] Failed to get details for KXBTC15M-26MAR061545-45
2026-03-06T20:33:25.449834668Z [inf]  [20:33:25.445] [SOL] No active market found, waiting...
2026-03-06T20:33:27.508587352Z [inf]  [20:33:27.506] [SOL] No active market found, waiting...
2026-03-06T20:33:28.863067260Z [inf]  [20:33:28.767] [XRP] No active market found, waiting...
2026-03-06T20:33:30.565299356Z [inf]  [20:33:30.562] [SOL] No active market found, waiting...
2026-03-06T20:33:30.877907043Z [inf]  [20:33:30.868] [XRP] No active market found, waiting...
2026-03-06T20:33:32.967476957Z [inf]  [20:33:32.964] [XRP] No active market found, waiting...
2026-03-06T20:33:33.501742200Z [inf]  [20:33:33.485] [BTC] No active market found, waiting...
2026-03-06T20:33:33.637304252Z [inf]  [20:33:33.617] [SOL] No active market found, waiting...
2026-03-06T20:33:34.267445966Z [inf]  [20:33:34.261] [ETH] Tick #48780 | 11.4m | Price: $1,970.44
2026-03-06T20:33:36.256210067Z [inf]  [20:33:36.107] [ETH] No active market found, waiting...
2026-03-06T20:33:37.863273572Z [inf]  [20:33:37.804] [BTC] Tick #48720 | 11.4m | Price: $67,841.10
2026-03-06T20:33:38.277728517Z [inf]  [20:33:38.178] [ETH] No active market found, waiting...
2026-03-06T20:33:38.812322598Z [inf]  [20:33:38.807] [SOL] Tick #48750 | 11.4m | Price: $84.64
2026-03-06T20:33:39.041524270Z [inf]  [20:33:39.036] [XRP] No active market found, waiting...
2026-03-06T20:33:40.780514165Z [inf]  [20:33:40.753] [SOL] Failed to get details for KXSOL15M-26MAR061545-45
2026-03-06T20:33:41.120217020Z [inf]  [20:33:41.118] [XRP] No active market found, waiting...
2026-03-06T20:33:41.555192033Z [inf]  [20:33:41.549] [BTC] No active market found, waiting...
2026-03-06T20:33:43.811002509Z [inf]  [20:33:43.806] [SOL] No active market found, waiting...
2026-03-06T20:33:44.642731735Z [inf]  [20:33:44.607] [BTC] No active market found, waiting...
2026-03-06T20:33:47.355559999Z [inf]  [20:33:47.237] [ETH] No active market found, waiting...
2026-03-06T20:33:48.731783853Z [inf]  [20:33:48.696] [BTC] No active market found, waiting...
2026-03-06T20:33:49.418264765Z [inf]  [20:33:49.290] [ETH] No active market found, waiting...
2026-03-06T20:33:51.441718776Z [inf]  [20:33:51.347] [ETH] No active market found, waiting...
2026-03-06T20:33:53.479457826Z [inf]  [20:33:53.399] [ETH] No active market found, waiting...
2026-03-06T20:33:54.186878224Z [inf]  [20:33:54.177] [XRP] No active market found, waiting...
2026-03-06T20:33:56.506483968Z [inf]  [20:33:56.452] [ETH] No active market found, waiting...
2026-03-06T20:33:57.253015761Z [inf]  [20:33:57.248] [XRP] No active market found, waiting...
2026-03-06T20:33:58.950795366Z [inf]  [20:33:58.863] [SOL] No active market found, waiting...
2026-03-06T20:33:59.587510481Z [inf]  [20:33:59.509] [ETH] No active market found, waiting...
2026-03-06T20:34:02.368493715Z [inf]  [20:34:02.305] [XRP] No active market found, waiting...
2026-03-06T20:34:02.935031706Z [inf]  [20:34:02.922] [SOL] No active market found, waiting...
2026-03-06T20:34:05.634358337Z [inf]  [20:34:05.567] [ETH] No active market found, waiting...
2026-03-06T20:34:06.000559053Z [inf]  [20:34:05.995] [SOL] No active market found, waiting...
2026-03-06T20:34:08.760199408Z [inf]  [20:34:08.754] [BTC] No active market found, waiting...
2026-03-06T20:34:09.654908289Z [inf]  [20:34:09.507] [XRP] Tick #48990 | 10.8m | Price: $1.36
2026-03-06T20:34:10.679888686Z [inf]  [20:34:10.648] [ETH] No active market found, waiting...
2026-03-06T20:34:10.814715900Z [inf]  [20:34:10.810] [BTC] No active market found, waiting...
2026-03-06T20:34:13.065501064Z [inf]  [20:34:13.053] [SOL] No active market found, waiting...
2026-03-06T20:34:13.864638729Z [inf]  [20:34:13.860] [BTC] No active market found, waiting...
2026-03-06T20:34:15.378880225Z [inf]  [20:34:15.359] [XRP] No active market found, waiting...
2026-03-06T20:34:16.143067933Z [inf]  [20:34:16.112] [SOL] No active market found, waiting...
2026-03-06T20:34:18.978601554Z [inf]  [20:34:18.967] [BTC] No active market found, waiting...
2026-03-06T20:34:20.479204213Z [inf]  [20:34:20.459] [XRP] No active market found, waiting...
2026-03-06T20:34:21.063841374Z [inf]  [20:34:21.050] [BTC] No active market found, waiting...
2026-03-06T20:34:21.172545649Z [inf]  [20:34:21.169] [SOL] No active market found, waiting...
2026-03-06T20:34:23.719413340Z [inf]  [20:34:23.709] [ETH] No active market found, waiting...
2026-03-06T20:34:24.267162566Z [inf]  [20:34:24.264] [BTC] Tick #48750 | 10.6m | Price: $67,841.10
2026-03-06T20:34:24.378501663Z [inf]  [20:34:24.374] [SOL] Tick #48780 | 10.6m | Price: $84.65
2026-03-06T20:34:25.522650710Z [inf]  [20:34:25.518] [XRP] No active market found, waiting...
2026-03-06T20:34:26.103265293Z [inf]  [20:34:26.101] [BTC] No active market found, waiting...
2026-03-06T20:34:27.027472432Z [inf]  [20:34:26.917] [ETH] Tick #48810 | 10.6m | Price: $1,971.20
2026-03-06T20:34:27.768422401Z [inf]  [20:34:27.762] [ETH] No active market found, waiting...
2026-03-06T20:34:29.600300062Z [inf]  [20:34:29.597] [XRP] No active market found, waiting...
2026-03-06T20:34:30.239048552Z [inf]  [20:34:30.230] [SOL] No active market found, waiting...
2026-03-06T20:34:32.829306800Z [inf]  [20:34:32.819] [ETH] No active market found, waiting...
2026-03-06T20:34:34.924303598Z [inf]  [20:34:34.876] [ETH] No active market found, waiting...
2026-03-06T20:34:35.363900489Z [inf]  [20:34:35.357] [SOL] Failed to get details for KXSOL15M-26MAR061545-45
2026-03-06T20:34:37.218337941Z [inf]  [20:34:37.163] [BTC] No active market found, waiting...
2026-03-06T20:34:37.677297875Z [inf]  [20:34:37.657] [XRP] No active market found, waiting...
2026-03-06T20:34:39.756060592Z [inf]  [20:34:39.752] [XRP] No active market found, waiting...
2026-03-06T20:34:40.437621574Z [inf]  [20:34:40.220] [BTC] No active market found, waiting...
2026-03-06T20:34:41.945327635Z [inf]  [20:34:41.934] [ETH] No active market found, waiting...
2026-03-06T20:34:42.448991208Z [inf]  [20:34:42.443] [SOL] No active market found, waiting...
2026-03-06T20:34:44.828081045Z [inf]  [20:34:44.823] [XRP] No active market found, waiting...
2026-03-06T20:34:45.101037039Z [inf]  [20:34:45.039] [ETH] No active market found, waiting...
2026-03-06T20:34:47.134113905Z [inf]  [20:34:47.094] [ETH] No active market found, waiting...
2026-03-06T20:34:48.532003535Z [inf]  [20:34:48.497] [SOL] No active market found, waiting...
2026-03-06T20:34:49.299262581Z [inf]  [20:34:49.278] [BTC] No active market found, waiting...
2026-03-06T20:34:51.619187537Z [inf]  [20:34:51.554] [SOL] No active market found, waiting...
2026-03-06T20:34:53.635018844Z [inf]  [20:34:53.611] [SOL] No active market found, waiting...
2026-03-06T20:34:54.023039517Z [inf]  [20:34:54.014] [XRP] Tick #49020 | 10.1m | Price: $1.36
2026-03-06T20:34:55.185306479Z [inf]  [20:34:55.174] [ETH] No active market found, waiting...
2026-03-06T20:34:55.673415301Z [inf]  [20:34:55.667] [SOL] No active market found, waiting...
2026-03-06T20:34:58.381636803Z [inf]  [20:34:58.334] [BTC] No active market found, waiting...
2026-03-06T20:34:59.762837022Z [inf]  [20:34:59.752] [SOL] No active market found, waiting...
2026-03-06T20:35:00.410770195Z [inf]  [20:35:00.393] [BTC] No active market found, waiting...
2026-03-06T20:35:02.457012917Z [inf]  [20:35:02.448] [BTC] No active market found, waiting...
2026-03-06T20:35:04.508994836Z [inf]  [20:35:04.506] [BTC] No active market found, waiting...
2026-03-06T20:35:05.268315197Z [inf]  [20:35:05.235] [ETH] No active market found, waiting...
2026-03-06T20:35:06.990489154Z [inf]  [20:35:06.970] [XRP] Failed to get details for KXXRP15M-26MAR061545-45
2026-03-06T20:35:07.819601128Z [inf]  [20:35:07.812] [SOL] No active market found, waiting...
2026-03-06T20:35:08.567742244Z [inf]  [20:35:08.559] [BTC] No active market found, waiting...
2026-03-06T20:35:10.868765305Z [inf]  [20:35:10.863] [SOL] No active market found, waiting...
2026-03-06T20:35:11.640845445Z [inf]  [20:35:11.617] [BTC] No active market found, waiting...
2026-03-06T20:35:13.463081256Z [inf]  [20:35:13.457] [ETH] Tick #48840 | 9.8m | Price: $1,972.06
2026-03-06T20:35:14.212179535Z [inf]  [20:35:14.208] [SOL] Tick #48810 | 9.8m | Price: $84.63
2026-03-06T20:35:14.329036124Z [inf]  [20:35:14.300] [ETH] No active market found, waiting...
2026-03-06T20:35:14.910809892Z [inf]  [20:35:14.909] [BTC] Tick #48780 | 9.8m | Price: $67,834.60
2026-03-06T20:35:14.987316201Z [inf]  [20:35:14.956] [SOL] No active market found, waiting...
2026-03-06T20:35:17.034104681Z [inf]  [20:35:17.031] [XRP] No active market found, waiting...
2026-03-06T20:35:17.361909118Z [inf]  [20:35:17.359] [ETH] No active market found, waiting...
2026-03-06T20:35:20.106049525Z [inf]  [20:35:20.087] [XRP] No active market found, waiting...
2026-03-06T20:35:22.150183040Z [inf]  [20:35:22.141] [XRP] No active market found, waiting...
2026-03-06T20:35:24.021158768Z [inf]  [20:35:24.011] [SOL] No active market found, waiting...
2026-03-06T20:35:24.694492613Z [inf]  [20:35:24.681] [BTC] No active market found, waiting...
2026-03-06T20:35:27.089967116Z [inf]  [20:35:27.067] [SOL] No active market found, waiting...
2026-03-06T20:35:28.069568398Z [inf]  [20:35:27.757] [BTC] No active market found, waiting...
2026-03-06T20:35:30.204289134Z [inf]  [20:35:30.200] [XRP] No active market found, waiting...
2026-03-06T20:35:30.435148806Z [inf]  [20:35:30.430] [ETH] No active market found, waiting...
2026-03-06T20:35:32.814629563Z [inf]  [20:35:32.811] [BTC] No active market found, waiting...
2026-03-06T20:35:33.485766905Z [inf]  [20:35:33.478] [XRP] Tick #49050 | 9.4m | Price: $1.36
2026-03-06T20:35:33.487084388Z [inf]  [20:35:33.485] [ETH] No active market found, waiting...
2026-03-06T20:35:36.271423859Z [inf]  [20:35:36.255] [XRP] No active market found, waiting...
2026-03-06T20:35:38.315484689Z [inf]  [20:35:38.312] [XRP] No active market found, waiting...
2026-03-06T20:35:40.400203962Z [inf]  [20:35:40.364] [XRP] No active market found, waiting...
2026-03-06T20:35:40.569327684Z [inf]  [20:35:40.565] [ETH] No active market found, waiting...
2026-03-06T20:35:42.626395592Z [inf]  [20:35:42.623] [ETH] No active market found, waiting...
2026-03-06T20:35:44.420991287Z [inf]  [20:35:44.419] [XRP] No active market found, waiting...
2026-03-06T20:35:45.158279739Z [inf]  [20:35:45.148] [SOL] No active market found, waiting...
2026-03-06T20:35:47.494780306Z [inf]  [20:35:47.491] [XRP] No active market found, waiting...
2026-03-06T20:35:48.379891230Z [inf]  [20:35:48.204] [SOL] No active market found, waiting...
2026-03-06T20:35:50.557730290Z [inf]  [20:35:50.547] [XRP] No active market found, waiting...
2026-03-06T20:35:50.877512346Z [inf]  [20:35:50.875] [BTC] No active market found, waiting...
2026-03-06T20:35:53.080364753Z [inf]  [20:35:53.074] [BTC] Tick #48810 | 9.1m | Price: $67,828.00
2026-03-06T20:35:53.965155132Z [inf]  [20:35:53.960] [BTC] No active market found, waiting...
2026-03-06T20:35:54.544071733Z [inf]  [20:35:54.478] [SOL] Tick #48840 | 9.1m | Price: $84.61
2026-03-06T20:35:54.780701643Z [inf]  [20:35:54.749] [ETH] Failed to get details for KXETH15M-26MAR061545-45
2026-03-06T20:35:55.829646514Z [inf]  [20:35:55.823] [ETH] No active market found, waiting...
2026-03-06T20:35:56.263836012Z [inf]  [20:35:56.260] [SOL] No active market found, waiting...
2026-03-06T20:35:58.612407949Z [inf]  [20:35:58.602] [XRP] No active market found, waiting...
2026-03-06T20:35:59.040764078Z [inf]  [20:35:59.032] [ETH] Tick #48870 | 9.0m | Price: $1,970.74
2026-03-06T20:35:59.370869741Z [inf]  [20:35:59.316] [SOL] No active market found, waiting...
2026-03-06T20:36:01.660744544Z [inf]  [20:36:01.658] [XRP] No active market found, waiting...
2026-03-06T20:36:03.078981828Z [inf]  [20:36:03.014] [BTC] No active market found, waiting...
2026-03-06T20:36:03.882349098Z [inf]  [20:36:03.876] [ETH] No active market found, waiting...
2026-03-06T20:36:05.167637160Z [inf]  [20:36:05.135] [BTC] No active market found, waiting...
2026-03-06T20:36:06.936415520Z [inf]  [20:36:06.933] [ETH] No active market found, waiting...
2026-03-06T20:36:08.791486923Z [inf]  [20:36:08.716] [XRP] No active market found, waiting...
2026-03-06T20:36:09.373186739Z [inf]  [20:36:09.370] [SOL] No active market found, waiting...
2026-03-06T20:36:12.010817980Z [inf]  [20:36:11.987] [ETH] No active market found, waiting...
2026-03-06T20:36:12.425332933Z [inf]  [20:36:12.423] [SOL] No active market found, waiting...
2026-03-06T20:36:14.802945720Z [inf]  [20:36:14.771] [XRP] No active market found, waiting...
2026-03-06T20:36:15.197115236Z [inf]  [20:36:15.194] [BTC] No active market found, waiting...
2026-03-06T20:36:17.485426729Z [inf]  [20:36:17.479] [SOL] No active market found, waiting...
2026-03-06T20:36:19.570387265Z [inf]  [20:36:19.552] [SOL] No active market found, waiting...
2026-03-06T20:36:20.049362591Z [inf]  [20:36:20.046] [ETH] No active market found, waiting...
2026-03-06T20:36:20.295148095Z [inf]  [20:36:20.275] [BTC] No active market found, waiting...
2026-03-06T20:36:22.837730782Z [inf]  [20:36:22.829] [XRP] No active market found, waiting...
2026-03-06T20:36:24.889814559Z [inf]  [20:36:24.886] [XRP] No active market found, waiting...
2026-03-06T20:36:25.141156467Z [inf]  [20:36:25.133] [ETH] No active market found, waiting...
2026-03-06T20:36:27.615385598Z [inf]  [20:36:27.611] [SOL] No active market found, waiting...
2026-03-06T20:36:28.115062185Z [inf]  [20:36:28.104] [XRP] Tick #49080 | 8.5m | Price: $1.36
2026-03-06T20:36:28.191773514Z [inf]  [20:36:28.190] [ETH] No active market found, waiting...
2026-03-06T20:36:30.391019340Z [inf]  [20:36:30.333] [BTC] No active market found, waiting...
2026-03-06T20:36:31.253059281Z [inf]  [20:36:31.245] [ETH] No active market found, waiting...
2026-03-06T20:36:33.672236712Z [inf]  [20:36:33.669] [SOL] No active market found, waiting...
2026-03-06T20:36:34.478077336Z [inf]  [20:36:34.458] [BTC] Failed to get details for KXBTC15M-26MAR061545-45
2026-03-06T20:36:35.603801502Z [inf]  [20:36:35.541] [BTC] No active market found, waiting...
2026-03-06T20:36:36.309999895Z [inf]  [20:36:36.303] [ETH] No active market found, waiting...
2026-03-06T20:36:37.950899461Z [inf]  [20:36:37.942] [XRP] No active market found, waiting...
2026-03-06T20:36:38.855708663Z [inf]  [20:36:38.843] [BTC] Tick #48840 | 8.4m | Price: $67,825.70
2026-03-06T20:36:40.021830011Z [inf]  [20:36:39.997] [XRP] No active market found, waiting...
2026-03-06T20:36:40.596852328Z [inf]  [20:36:40.592] [BTC] No active market found, waiting...
2026-03-06T20:36:40.897509947Z [inf]  [20:36:40.887] [SOL] Tick #48870 | 8.3m | Price: $84.67
2026-03-06T20:36:42.733749743Z [inf]  [20:36:42.725] [SOL] No active market found, waiting...
2026-03-06T20:36:43.647836240Z [inf]  [20:36:43.645] [BTC] No active market found, waiting...
2026-03-06T20:36:45.627833203Z [inf]  [20:36:45.621] [ETH] Tick #48900 | 8.2m | Price: $1,971.86
2026-03-06T20:36:45.893981800Z [inf]  [20:36:45.826] [SOL] No active market found, waiting...
2026-03-06T20:36:46.397483937Z [inf]  [20:36:46.364] [ETH] No active market found, waiting...
2026-03-06T20:36:48.711667150Z [inf]  [20:36:48.698] [BTC] No active market found, waiting...
2026-03-06T20:36:49.483488544Z [inf]  [20:36:49.419] [ETH] No active market found, waiting...
2026-03-06T20:36:51.755076822Z [inf]  [20:36:51.751] [BTC] No active market found, waiting...
2026-03-06T20:36:51.908451889Z [inf]  [20:36:51.905] [SOL] No active market found, waiting...
2026-03-06T20:36:54.075628266Z [inf]  [20:36:54.055] [XRP] No active market found, waiting...
2026-03-06T20:36:55.970115015Z [inf]  [20:36:55.961] [SOL] No active market found, waiting...
2026-03-06T20:36:56.114893121Z [inf]  [20:36:56.109] [XRP] No active market found, waiting...
2026-03-06T20:36:58.486871443Z [inf]  [20:36:58.474] [ETH] No active market found, waiting...
2026-03-06T20:36:59.186578323Z [inf]  [20:36:59.165] [XRP] No active market found, waiting...
2026-03-06T20:37:02.286649023Z [inf]  [20:37:02.221] [XRP] No active market found, waiting...
2026-03-06T20:37:04.287096028Z [inf]  [20:37:04.275] [XRP] No active market found, waiting...
2026-03-06T20:37:05.019369211Z [inf]  [20:37:05.017] [SOL] No active market found, waiting...
2026-03-06T20:37:07.107005544Z [inf]  [20:37:07.097] [SOL] No active market found, waiting...
2026-03-06T20:37:07.541717667Z [inf]  [20:37:07.532] [ETH] No active market found, waiting...
2026-03-06T20:37:10.337186521Z [inf]  [20:37:10.332] [XRP] No active market found, waiting...
2026-03-06T20:37:10.622585634Z [inf]  [20:37:10.612] [ETH] No active market found, waiting...
2026-03-06T20:37:13.406630015Z [inf]  [20:37:13.385] [XRP] No active market found, waiting...
2026-03-06T20:37:15.211948048Z [inf]  [20:37:15.206] [SOL] No active market found, waiting...
2026-03-06T20:37:15.540488663Z [inf]  [20:37:15.483] [XRP] No active market found, waiting...
2026-03-06T20:37:15.844114954Z [inf]  [20:37:15.810] [BTC] No active market found, waiting...
2026-03-06T20:37:18.018580015Z [inf]  [20:37:17.863] [BTC] No active market found, waiting...
2026-03-06T20:37:18.813804880Z [inf]  [20:37:18.807] [XRP] Tick #49110 | 7.7m | Price: $1.36
2026-03-06T20:37:19.728478496Z [inf]  [20:37:19.667] [ETH] No active market found, waiting...
2026-03-06T20:37:21.102525012Z [inf]  [20:37:21.096] [BTC] Tick #48870 | 7.7m | Price: $67,817.10
2026-03-06T20:37:21.587231507Z [inf]  [20:37:21.567] [XRP] No active market found, waiting...
2026-03-06T20:37:21.755830691Z [inf]  [20:37:21.724] [ETH] No active market found, waiting...
2026-03-06T20:37:22.287359272Z [inf]  [20:37:22.283] [SOL] No active market found, waiting...
2026-03-06T20:37:24.923568768Z [inf]  [20:37:24.919] [BTC] No active market found, waiting...
2026-03-06T20:37:25.817877637Z [inf]  [20:37:25.810] [ETH] No active market found, waiting...
2026-03-06T20:37:27.545011263Z [inf]  [20:37:27.512] [SOL] Tick #48900 | 7.5m | Price: $84.61
2026-03-06T20:37:28.683854237Z [inf]  [20:37:28.634] [XRP] No active market found, waiting...
2026-03-06T20:37:29.055465571Z [inf]  [20:37:29.047] [BTC] Failed to get details for KXBTC15M-26MAR061545-45
2026-03-06T20:37:30.870839142Z [inf]  [20:37:30.863] [ETH] No active market found, waiting...
2026-03-06T20:37:31.389129020Z [inf]  [20:37:31.336] [SOL] No active market found, waiting...
2026-03-06T20:37:34.092957370Z [inf]  [20:37:34.077] [ETH] Tick #48930 | 7.4m | Price: $1,972.87
2026-03-06T20:37:34.116453139Z [inf]  [20:37:34.110] [BTC] No active market found, waiting...
2026-03-06T20:37:35.915524540Z [inf]  [20:37:35.913] [ETH] No active market found, waiting...
2026-03-06T20:37:36.414122752Z [inf]  [20:37:36.394] [SOL] No active market found, waiting...
2026-03-06T20:37:36.719159078Z [inf]  [20:37:36.717] [XRP] No active market found, waiting...
2026-03-06T20:37:38.974743232Z [inf]  [20:37:38.969] [ETH] No active market found, waiting...
2026-03-06T20:37:39.459988645Z [inf]  [20:37:39.452] [SOL] No active market found, waiting...
2026-03-06T20:37:41.808269576Z [inf]  [20:37:41.773] [XRP] No active market found, waiting...
2026-03-06T20:37:42.516302381Z [inf]  [20:37:42.514] [SOL] No active market found, waiting...
2026-03-06T20:37:45.125852344Z [inf]  [20:37:45.076] [ETH] No active market found, waiting...
2026-03-06T20:37:45.172141602Z [inf]  [20:37:45.168] [BTC] No active market found, waiting...
2026-03-06T20:37:47.842934980Z [inf]  [20:37:47.835] [XRP] No active market found, waiting...
2026-03-06T20:37:48.645905705Z [inf]  [20:37:48.570] [SOL] No active market found, waiting...
2026-03-06T20:37:51.242922853Z [inf]  [20:37:51.239] [BTC] No active market found, waiting...
2026-03-06T20:37:51.926436807Z [inf]  [20:37:51.913] [XRP] No active market found, waiting...
2026-03-06T20:37:53.687564973Z [inf]  [20:37:53.647] [SOL] No active market found, waiting...
2026-03-06T20:37:54.297719295Z [inf]  [20:37:54.295] [BTC] No active market found, waiting...
2026-03-06T20:37:56.708136981Z [inf]  [20:37:56.704] [SOL] No active market found, waiting...
2026-03-06T20:37:57.365041623Z [inf]  [20:37:57.349] [BTC] No active market found, waiting...
2026-03-06T20:38:00.146710002Z [inf]  [20:38:00.143] [ETH] No active market found, waiting...
2026-03-06T20:38:01.271181765Z [inf]  [20:38:01.261] [XRP] Tick #49140 | 7.0m | Price: $1.36
2026-03-06T20:38:02.254105158Z [inf]  [20:38:02.210] [ETH] No active market found, waiting...
2026-03-06T20:38:02.976268411Z [inf]  [20:38:02.967] [XRP] No active market found, waiting...
2026-03-06T20:38:04.752107145Z [inf]  [20:38:04.696] [BTC] Tick #48900 | 6.9m | Price: $67,862.00
2026-03-06T20:38:05.426406917Z [inf]  [20:38:05.419] [BTC] No active market found, waiting...
2026-03-06T20:38:07.056562881Z [inf]  [20:38:07.047] [XRP] No active market found, waiting...
2026-03-06T20:38:07.769418770Z [inf]  [20:38:07.761] [SOL] No active market found, waiting...
2026-03-06T20:38:10.110984324Z [inf]  [20:38:10.105] [XRP] No active market found, waiting...
2026-03-06T20:38:10.488861640Z [inf]  [20:38:10.478] [BTC] No active market found, waiting...
2026-03-06T20:38:11.296145186Z [inf]  [20:38:11.290] [ETH] No active market found, waiting...
2026-03-06T20:38:13.354357773Z [inf]  [20:38:13.346] [ETH] No active market found, waiting...
2026-03-06T20:38:14.005829146Z [inf]  [20:38:13.984] [SOL] Tick #48930 | 6.8m | Price: $84.63
2026-03-06T20:38:15.409564699Z [inf]  [20:38:15.407] [ETH] No active market found, waiting...
2026-03-06T20:38:16.169682325Z [inf]  [20:38:16.163] [XRP] No active market found, waiting...
2026-03-06T20:38:18.544982565Z [inf]  [20:38:18.537] [BTC] No active market found, waiting...
2026-03-06T20:38:20.593024198Z [inf]  [20:38:20.590] [BTC] No active market found, waiting...
2026-03-06T20:38:20.978413894Z [inf]  [20:38:20.790] [ETH] Tick #48960 | 6.7m | Price: $1,974.11
2026-03-06T20:38:22.257838048Z [inf]  [20:38:22.243] [XRP] No active market found, waiting...
2026-03-06T20:38:22.668009655Z [inf]  [20:38:22.648] [BTC] No active market found, waiting...
2026-03-06T20:38:24.708870978Z [inf]  [20:38:24.705] [BTC] No active market found, waiting...
2026-03-06T20:38:26.017942280Z [inf]  [20:38:25.846] [SOL] No active market found, waiting...
2026-03-06T20:38:26.498990502Z [inf]  [20:38:26.495] [ETH] No active market found, waiting...
2026-03-06T20:38:29.038138526Z [inf]  [20:38:28.901] [SOL] No active market found, waiting...
2026-03-06T20:38:30.767394618Z [inf]  [20:38:30.759] [BTC] No active market found, waiting...
2026-03-06T20:38:32.560116911Z [inf]  [20:38:32.548] [ETH] No active market found, waiting...
2026-03-06T20:38:34.314189295Z [inf]  [20:38:34.300] [XRP] No active market found, waiting...
2026-03-06T20:38:35.123625471Z [inf]  [20:38:34.966] [SOL] No active market found, waiting...
2026-03-06T20:38:37.670537862Z [inf]  [20:38:37.605] [ETH] No active market found, waiting...
2026-03-06T20:38:38.181517957Z [inf]  [20:38:38.023] [SOL] No active market found, waiting...
2026-03-06T20:38:40.360772810Z [inf]  [20:38:40.353] [XRP] No active market found, waiting...
2026-03-06T20:38:41.190272230Z [inf]  [20:38:41.100] [SOL] No active market found, waiting...
2026-03-06T20:38:43.199131599Z [inf]  [20:38:43.180] [SOL] No active market found, waiting...
2026-03-06T20:38:43.670469030Z [inf]  [20:38:43.666] [ETH] No active market found, waiting...
2026-03-06T20:38:45.631150433Z [inf]  [20:38:45.624] [XRP] Tick #49170 | 6.2m | Price: $1.36
2026-03-06T20:38:46.434318197Z [inf]  [20:38:46.411] [XRP] No active market found, waiting...
2026-03-06T20:38:46.907599274Z [inf]  [20:38:46.889] [BTC] Failed to get details for KXBTC15M-26MAR061545-45
2026-03-06T20:38:48.506050244Z [inf]  [20:38:48.471] [XRP] No active market found, waiting...
2026-03-06T20:38:50.256365838Z [inf]  [20:38:50.108] [BTC] Tick #48930 | 6.2m | Price: $67,832.10
2026-03-06T20:38:50.256369308Z [inf]  [20:38:50.237] [SOL] No active market found, waiting...
2026-03-06T20:38:50.947496393Z [inf]  [20:38:50.944] [BTC] No active market found, waiting...
2026-03-06T20:38:53.318228168Z [inf]  [20:38:53.294] [SOL] No active market found, waiting...
2026-03-06T20:38:54.008250812Z [inf]  [20:38:54.003] [BTC] No active market found, waiting...
2026-03-06T20:38:56.352574664Z [inf]  [20:38:56.347] [SOL] No active market found, waiting...
2026-03-06T20:38:56.777877911Z [inf]  [20:38:56.753] [ETH] No active market found, waiting...
2026-03-06T20:38:57.087339127Z [inf]  [20:38:57.083] [BTC] No active market found, waiting...
2026-03-06T20:38:59.533566537Z [inf]  [20:38:59.531] [XRP] No active market found, waiting...
2026-03-06T20:39:00.449074661Z [inf]  [20:39:00.446] [SOL] No active market found, waiting...
2026-03-06T20:39:01.085757496Z [inf]  [20:39:01.030] [ETH] Tick #48990 | 6.0m | Price: $1,972.10
2026-03-06T20:39:02.552250774Z [inf]  [20:39:02.548] [SOL] No active market found, waiting...
2026-03-06T20:39:02.817579562Z [inf]  [20:39:02.815] [ETH] No active market found, waiting...
2026-03-06T20:39:04.875469749Z [inf]  [20:39:04.871] [ETH] No active market found, waiting...
2026-03-06T20:39:06.679015803Z [inf]  [20:39:06.673] [SOL] Failed to get details for KXSOL15M-26MAR061545-45
2026-03-06T20:39:06.934810106Z [inf]  [20:39:06.929] [ETH] No active market found, waiting...
2026-03-06T20:39:07.750483531Z [inf]  [20:39:07.739] [SOL] No active market found, waiting...
2026-03-06T20:39:09.926172510Z [inf]  [20:39:09.920] [SOL] Failed to get details for KXSOL15M-26MAR061545-45
2026-03-06T20:39:09.998897176Z [inf]  [20:39:09.990] [ETH] No active market found, waiting...
2026-03-06T20:39:11.219761943Z [inf]  [20:39:11.218] [SOL] Tick #48960 | 5.8m | Price: $84.60
2026-03-06T20:39:12.065688633Z [inf]  [20:39:12.060] [ETH] No active market found, waiting...
2026-03-06T20:39:14.021781957Z [inf]  [20:39:14.001] [SOL] No active market found, waiting...
2026-03-06T20:39:14.146324517Z [inf]  [20:39:14.141] [ETH] No active market found, waiting...
2026-03-06T20:39:14.146334302Z [inf]  [20:39:14.144] [BTC] No active market found, waiting...
2026-03-06T20:39:17.207170108Z [inf]  [20:39:17.200] [ETH] No active market found, waiting...
2026-03-06T20:39:19.265869811Z [inf]  [20:39:19.257] [ETH] No active market found, waiting...
2026-03-06T20:39:21.210448131Z [inf]  [20:39:21.204] [BTC] No active market found, waiting...
2026-03-06T20:39:21.592373173Z [inf]  [20:39:21.589] [XRP] No active market found, waiting...
2026-03-06T20:39:23.811935318Z [inf]  [20:39:23.801] [XRP] Tick #49200 | 5.6m | Price: $1.36
2026-03-06T20:39:24.314822976Z [inf]  [20:39:24.309] [ETH] No active market found, waiting...
2026-03-06T20:39:24.333167210Z [inf]  [20:39:24.328] [BTC] Failed to get details for KXBTC15M-26MAR061545-45
2026-03-06T20:39:24.697389331Z [inf]  [20:39:24.685] [XRP] No active market found, waiting...
2026-03-06T20:39:26.790762874Z [inf]  [20:39:26.783] [XRP] No active market found, waiting...
2026-03-06T20:39:27.391352949Z [inf]  [20:39:27.382] [BTC] No active market found, waiting...
2026-03-06T20:39:29.400048175Z [inf]  [20:39:29.385] [ETH] No active market found, waiting...
2026-03-06T20:39:30.065181806Z [inf]  [20:39:30.056] [SOL] No active market found, waiting...
2026-03-06T20:39:32.445512451Z [inf]  [20:39:32.441] [BTC] No active market found, waiting...
2026-03-06T20:39:32.451111977Z [inf]  [20:39:32.445] [ETH] No active market found, waiting...
2026-03-06T20:39:35.144515787Z [inf]  [20:39:35.138] [SOL] No active market found, waiting...
2026-03-06T20:39:35.981890516Z [inf]  [20:39:35.977] [BTC] Tick #48960 | 5.4m | Price: $67,869.80
2026-03-06T20:39:36.849812886Z [inf]  [20:39:36.843] [XRP] No active market found, waiting...
2026-03-06T20:39:37.645536621Z [inf]  [20:39:37.500] [ETH] No active market found, waiting...
2026-03-06T20:39:39.913728534Z [inf]  [20:39:39.899] [XRP] No active market found, waiting...
2026-03-06T20:39:40.680140814Z [inf]  [20:39:40.556] [ETH] No active market found, waiting...
2026-03-06T20:39:43.221017951Z [inf]  [20:39:43.217] [SOL] No active market found, waiting...
2026-03-06T20:39:43.713267325Z [inf]  [20:39:43.613] [ETH] No active market found, waiting...
2026-03-06T20:39:45.712458427Z [inf]  [20:39:45.568] [BTC] No active market found, waiting...
2026-03-06T20:39:45.984947690Z [inf]  [20:39:45.955] [XRP] No active market found, waiting...
2026-03-06T20:39:48.279651967Z [inf]  [20:39:48.275] [SOL] No active market found, waiting...
2026-03-06T20:39:49.738924944Z [inf]  [20:39:49.672] [ETH] No active market found, waiting...
2026-03-06T20:39:50.757463647Z [inf]  [20:39:50.624] [BTC] No active market found, waiting...
2026-03-06T20:39:51.553376156Z [inf]  [20:39:51.526] [SOL] Tick #48990 | 5.1m | Price: $84.79
2026-03-06T20:39:53.020899701Z [inf]  [20:39:53.011] [XRP] No active market found, waiting...
2026-03-06T20:39:53.789089452Z [inf]  [20:39:53.746] [BTC] Failed to get details for KXBTC15M-26MAR061545-45
2026-03-06T20:39:55.099023310Z [inf]  [20:39:55.091] [XRP] No active market found, waiting...
2026-03-06T20:39:57.170373218Z [inf]  [20:39:57.163] [XRP] No active market found, waiting...
2026-03-06T20:39:57.858902471Z [inf]  [20:39:57.808] [BTC] No active market found, waiting...
2026-03-06T20:39:59.302501095Z [inf]  [20:39:59.287] [XRP] No active market found, waiting...
2026-03-06T20:39:59.345718373Z [inf]  [20:39:59.337] [SOL] No active market found, waiting...
2026-03-06T20:40:01.868826320Z [inf]  [20:40:01.751] [ETH] No active market found, waiting...
2026-03-06T20:40:01.869865720Z [inf]  [20:40:01.866] [BTC] No active market found, waiting...
2026-03-06T20:40:04.094039243Z [inf]  [20:40:04.087] [ETH] Tick #49020 | 4.9m | Price: $1,976.99
2026-03-06T20:40:04.983336840Z [inf]  [20:40:04.964] [BTC] No active market found, waiting...
2026-03-06T20:40:05.417718906Z [inf]  [20:40:05.403] [XRP] Failed to get details for KXXRP15M-26MAR061545-45
2026-03-06T20:40:07.029002200Z [inf]  [20:40:07.024] [BTC] No active market found, waiting...
2026-03-06T20:40:08.895250830Z [inf]  [20:40:08.807] [ETH] No active market found, waiting...
2026-03-06T20:40:09.458704614Z [inf]  [20:40:09.456] [XRP] No active market found, waiting...
2026-03-06T20:40:12.514942239Z [inf]  [20:40:12.513] [XRP] No active market found, waiting...
2026-03-06T20:40:13.420370660Z [inf]  [20:40:13.414] [SOL] No active market found, waiting...
2026-03-06T20:40:14.957256877Z [inf]  [20:40:14.868] [ETH] No active market found, waiting...
2026-03-06T20:40:15.146938388Z [inf]  [20:40:15.139] [BTC] No active market found, waiting...
2026-03-06T20:40:15.574799181Z [inf]  [20:40:15.571] [XRP] No active market found, waiting...
2026-03-06T20:40:17.669509433Z [inf]  [20:40:17.667] [XRP] No active market found, waiting...
2026-03-06T20:40:19.220568793Z [inf]  [20:40:19.214] [BTC] No active market found, waiting...
2026-03-06T20:40:19.775716922Z [inf]  [20:40:19.764] [XRP] No active market found, waiting...
2026-03-06T20:40:22.030866230Z [inf]  [20:40:21.856] [XRP] No active market found, waiting...
2026-03-06T20:40:22.030869881Z [inf]  [20:40:21.927] [ETH] No active market found, waiting...
2026-03-06T20:40:23.542810451Z [inf]  [20:40:23.526] [BTC] Tick #48990 | 4.6m | Price: $67,868.60
2026-03-06T20:40:24.483011469Z [inf]  [20:40:24.476] [SOL] No active market found, waiting...
2026-03-06T20:40:25.280087396Z [inf]  [20:40:25.272] [BTC] No active market found, waiting...
2026-03-06T20:40:26.309552752Z [inf]  [20:40:26.307] [XRP] Tick #49230 | 4.6m | Price: $1.36
2026-03-06T20:40:27.755266085Z [inf]  [20:40:27.750] [SOL] Tick #49020 | 4.5m | Price: $84.78
2026-03-06T20:40:28.059972913Z [inf]  [20:40:27.986] [ETH] No active market found, waiting...
2026-03-06T20:40:28.573950022Z [inf]  [20:40:28.564] [SOL] No active market found, waiting...
2026-03-06T20:40:30.096240891Z [inf]  [20:40:30.094] [ETH] No active market found, waiting...
2026-03-06T20:40:30.623003061Z [inf]  [20:40:30.620] [SOL] No active market found, waiting...
2026-03-06T20:40:32.330910311Z [inf]  [20:40:32.328] [BTC] No active market found, waiting...
2026-03-06T20:40:33.155287854Z [inf]  [20:40:33.149] [ETH] No active market found, waiting...
2026-03-06T20:40:34.913978344Z [inf]  [20:40:34.910] [XRP] No active market found, waiting...
2026-03-06T20:40:37.214915869Z [inf]  [20:40:37.206] [ETH] No active market found, waiting...
2026-03-06T20:40:38.121257469Z [inf]  [20:40:37.969] [XRP] No active market found, waiting...
2026-03-06T20:40:40.262863972Z [inf]  [20:40:40.258] [ETH] No active market found, waiting...
2026-03-06T20:40:40.681605581Z [inf]  [20:40:40.675] [SOL] No active market found, waiting...
2026-03-06T20:40:43.396179506Z [inf]  [20:40:43.389] [BTC] No active market found, waiting...
2026-03-06T20:40:43.766402017Z [inf]  [20:40:43.761] [SOL] No active market found, waiting...
2026-03-06T20:40:46.157768304Z [inf]  [20:40:46.033] [XRP] No active market found, waiting...
2026-03-06T20:40:47.378739811Z [inf]  [20:40:47.357] [ETH] No active market found, waiting...
2026-03-06T20:40:48.178894001Z [inf]  [20:40:48.106] [XRP] No active market found, waiting...
2026-03-06T20:40:50.456149170Z [inf]  [20:40:50.453] [BTC] No active market found, waiting...
2026-03-06T20:40:52.516562732Z [inf]  [20:40:52.508] [BTC] No active market found, waiting...
2026-03-06T20:40:52.563936030Z [inf]  [20:40:52.560] [ETH] Tick #49050 | 4.1m | Price: $1,981.26
2026-03-06T20:40:54.565297659Z [inf]  [20:40:54.562] [BTC] No active market found, waiting...
2026-03-06T20:40:55.249708961Z [inf]  [20:40:55.213] [XRP] No active market found, waiting...
2026-03-06T20:40:57.354027125Z [inf]  [20:40:57.351] [XRP] No active market found, waiting...
2026-03-06T20:40:57.623186380Z [inf]  [20:40:57.619] [BTC] No active market found, waiting...
2026-03-06T20:40:59.455412277Z [inf]  [20:40:59.448] [XRP] No active market found, waiting...
2026-03-06T20:40:59.852513284Z [inf]  [20:40:59.820] [SOL] No active market found, waiting...
2026-03-06T20:41:01.678658903Z [inf]  [20:41:01.676] [BTC] No active market found, waiting...
2026-03-06T20:41:02.445245513Z [inf]  [20:41:02.441] [ETH] No active market found, waiting...
2026-03-06T20:41:04.569878641Z [inf]  [20:41:04.566] [ETH] Failed to get details for KXETH15M-26MAR061545-45
2026-03-06T20:41:04.740851415Z [inf]  [20:41:04.733] [BTC] No active market found, waiting...
2026-03-06T20:41:06.806454533Z [inf]  [20:41:06.795] [BTC] No active market found, waiting...
2026-03-06T20:41:08.051638916Z [inf]  [20:41:08.048] [SOL] Tick #49050 | 3.9m | Price: $85.04
2026-03-06T20:41:08.873204172Z [inf]  [20:41:08.870] [BTC] No active market found, waiting...
2026-03-06T20:41:08.886317190Z [inf]  [20:41:08.884] [SOL] No active market found, waiting...
2026-03-06T20:41:10.792222861Z [inf]  [20:41:10.782] [XRP] Tick #49260 | 3.8m | Price: $1.36
2026-03-06T20:41:11.967253721Z [inf]  [20:41:11.964] [SOL] No active market found, waiting...
2026-03-06T20:41:13.965403308Z [inf]  [20:41:13.928] [BTC] No active market found, waiting...
2026-03-06T20:41:14.055297170Z [inf]  [20:41:14.048] [SOL] No active market found, waiting...
2026-03-06T20:41:16.530257905Z [inf]  [20:41:16.527] [XRP] No active market found, waiting...
2026-03-06T20:41:17.111584473Z [inf]  [20:41:17.104] [SOL] No active market found, waiting...
2026-03-06T20:41:18.168260899Z [inf]  [20:41:18.157] [BTC] Tick #49020 | 3.7m | Price: $68,012.00
2026-03-06T20:41:18.653197566Z [inf]  [20:41:18.649] [XRP] No active market found, waiting...
2026-03-06T20:41:20.166974569Z [inf]  [20:41:20.164] [SOL] No active market found, waiting...
2026-03-06T20:41:21.014568990Z [inf]  [20:41:20.987] [BTC] No active market found, waiting...
2026-03-06T20:41:23.228272812Z [inf]  [20:41:23.216] [SOL] No active market found, waiting...
2026-03-06T20:41:25.278434632Z [inf]  [20:41:25.272] [SOL] No active market found, waiting...
2026-03-06T20:41:25.807752912Z [inf]  [20:41:25.780] [ETH] Tick #49080 | 3.6m | Price: $1,980.08
2026-03-06T20:41:26.054470642Z [inf]  [20:41:26.045] [BTC] No active market found, waiting...
2026-03-06T20:41:28.727568500Z [inf]  [20:41:28.704] [XRP] No active market found, waiting...
2026-03-06T20:41:29.490361272Z [inf]  [20:41:29.353] [SOL] No active market found, waiting...
2026-03-06T20:41:31.782174260Z [inf]  [20:41:31.780] [XRP] No active market found, waiting...
2026-03-06T20:41:32.666258034Z [inf]  [20:41:32.649] [ETH] No active market found, waiting...
2026-03-06T20:41:34.520840069Z [inf]  [20:41:34.409] [SOL] No active market found, waiting...
2026-03-06T20:41:35.104181441Z [inf]  [20:41:35.101] [BTC] No active market found, waiting...
2026-03-06T20:41:37.847504672Z [inf]  [20:41:37.837] [XRP] No active market found, waiting...
2026-03-06T20:41:39.706333890Z [inf]  [20:41:39.703] [ETH] No active market found, waiting...
2026-03-06T20:41:39.947853476Z [inf]  [20:41:39.945] [XRP] No active market found, waiting...
2026-03-06T20:41:42.169204750Z [inf]  [20:41:42.160] [BTC] No active market found, waiting...
2026-03-06T20:41:44.011240281Z [inf]  [20:41:44.001] [XRP] No active market found, waiting...
2026-03-06T20:41:44.596821399Z [inf]  [20:41:44.485] [SOL] No active market found, waiting...
2026-03-06T20:41:46.231697194Z [inf]  [20:41:46.213] [BTC] No active market found, waiting...
2026-03-06T20:41:47.786436155Z [inf]  [20:41:47.783] [ETH] No active market found, waiting...
2026-03-06T20:41:48.081727614Z [inf]  [20:41:48.079] [XRP] No active market found, waiting...
2026-03-06T20:41:48.635761123Z [inf]  [20:41:48.540] [SOL] No active market found, waiting...
2026-03-06T20:41:51.842222580Z [inf]  [20:41:51.840] [ETH] No active market found, waiting...
2026-03-06T20:41:53.346669593Z [inf]  [20:41:53.340] [BTC] Failed to get details for KXBTC15M-26MAR061545-45
2026-03-06T20:41:53.947729028Z [inf]  [20:41:53.892] [ETH] No active market found, waiting...
2026-03-06T20:41:54.443780235Z [inf]  [20:41:54.441] [XRP] Failed to get details for KXXRP15M-26MAR061545-45
2026-03-06T20:41:54.644170114Z [inf]  [20:41:54.595] [SOL] No active market found, waiting...
2026-03-06T20:41:57.685870330Z [inf]  [20:41:57.648] [SOL] No active market found, waiting...
2026-03-06T20:41:58.805575476Z [inf]  [20:41:58.799] [XRP] Tick #49290 | 3.0m | Price: $1.36
2026-03-06T20:41:59.498856002Z [inf]  [20:41:59.494] [XRP] No active market found, waiting...
2026-03-06T20:41:59.682396424Z [inf]  [20:41:59.560] [BTC] Tick #49050 | 3.0m | Price: $67,945.20
2026-03-06T20:41:59.746861494Z [inf]  [20:41:59.732] [SOL] No active market found, waiting...
2026-03-06T20:42:02.690293963Z [inf]  [20:42:02.548] [XRP] No active market found, waiting...
2026-03-06T20:42:03.964925920Z [inf]  [20:42:03.962] [ETH] No active market found, waiting...
2026-03-06T20:42:04.710539014Z [inf]  [20:42:04.628] [XRP] No active market found, waiting...
2026-03-06T20:42:06.792516406Z [inf]  [20:42:06.790] [SOL] No active market found, waiting...
2026-03-06T20:42:09.019829744Z [inf]  [20:42:09.002] [SOL] Tick #49080 | 2.9m | Price: $84.96
2026-03-06T20:42:09.849513788Z [inf]  [20:42:09.845] [SOL] No active market found, waiting...
2026-03-06T20:42:10.241215026Z [inf]  [20:42:10.237] [ETH] Tick #49110 | 2.8m | Price: $1,980.53
2026-03-06T20:42:10.856296401Z [inf]  [20:42:10.685] [XRP] No active market found, waiting...
2026-03-06T20:42:13.079339516Z [inf]  [20:42:13.075] [ETH] No active market found, waiting...